timestamp,username,target_state,outcome
2026-07-28T05:42:00,zyzzwhey,checked,skipped
2026-07-28T05:42:02,zolo222,checked,skipped
2026-07-28T05:42:05,zmalddnsnka,checked,skipped
2026-07-28T05:42:08,zhashe01,checked,skipped
2026-07-28T05:42:11,zebji,checked,skipped
2026-07-28T05:42:14,zdstew3,checked,skipped
2026-07-28T05:42:17,zaynman9,checked,skipped
2026-07-28T05:42:19,zaynmallik_official,checked,skipped
2026-07-28T05:42:22,zay_almighty,checked,skipped
2026-07-28T05:42:24,zatapatrik,checked,skipped
2026-07-28T05:42:27,zandragibson,checked,skipped
2026-07-28T05:42:29,zakerylamo,checked,skipped
2026-07-28T05:42:31,zachman04,checked,skipped
2026-07-28T05:42:33,zachdeneen,checked,skipped
2026-07-28T05:42:36,z1pee,checked,skipped
2026-07-28T05:42:38,yuth999ii,checked,skipped
2026-07-28T05:42:41,yuplad247,checked,skipped
2026-07-28T05:42:43,yuno_gasay,checked,skipped
2026-07-28T05:42:45,youtube699,checked,skipped
2026-07-28T05:42:48,yourloverboyy,checked,skipped
2026-07-28T05:42:50,yourfitness1,checked,skipped
2026-07-28T05:42:53,yourec00l,checked,skipped
2026-07-28T05:42:56,youngmoney36,checked,skipped
2026-07-28T05:42:58,young_reek16,checked,skipped
2026-07-28T05:43:02,youmeatbea,checked,skipped
2026-07-28T05:43:04,yosandyo,checked,skipped
2026-07-28T05:43:06,yopask,checked,skipped
2026-07-28T05:43:09,yoloswaggies,checked,skipped
2026-07-28T05:43:11,yolo_swag_1997,checked,skipped
2026-07-28T05:43:13,yogafake,checked,skipped
2026-07-28T05:43:16,yoboizak,checked,skipped
2026-07-28T05:43:18,yerm8haha,checked,skipped
2026-07-28T05:43:21,yawfrimpong_bk,checked,skipped
2026-07-28T05:43:23,yassinoviac,checked,skipped
2026-07-28T05:43:26,yasminswaggin,checked,skipped
2026-07-28T05:43:29,yashaha,checked,skipped
2026-07-28T05:43:31,yann1_,checked,skipped
2026-07-28T05:43:34,ya_boyshout,checked,skipped
2026-07-28T05:43:37,xxstaceyyxx,checked,skipped
2026-07-28T05:43:40,xx75hunter_,checked,skipped
2026-07-28T05:43:43,xsweetheartxxx,checked,skipped
2026-07-28T05:43:46,xjkittenx,checked,skipped
2026-07-28T05:43:48,xerxesi,checked,skipped
2026-07-28T05:43:51,xbenji123,checked,skipped
2026-07-28T05:43:53,xavierbateman1,checked,skipped
2026-07-28T05:43:56,wrpf.sweden,checked,skipped
2026-07-28T05:43:59,wpensy,checked,skipped
2026-07-28T05:44:02,worldfild3,checked,skipped
2026-07-28T05:44:05,workoutvickan,checked,skipped
2026-07-28T05:44:08,workout_dream_nation,checked,skipped
2026-07-28T05:44:10,wordplanetrecipe,checked,skipped
2026-07-28T05:44:12,wonje_jang,checked,skipped
2026-07-28T05:44:15,wongmengwei,checked,skipped
2026-07-28T05:44:18,wolf_jamba,checked,skipped
2026-07-28T05:44:21,woahfunnyvines,checked,skipped
2026-07-28T05:44:24,wipwipwip168,checked,skipped
2026-07-28T05:44:26,windowsphone8x,checked,skipped
2026-07-28T05:44:28,wilmerkvarnstrom,checked,skipped
2026-07-28T05:44:31,wilmer___356,checked,skipped
2026-07-28T05:44:34,wilmaknutsson08,checked,skipped
2026-07-28T05:44:36,willsmith122,checked,skipped
2026-07-28T05:44:39,williamohbom,checked,skipped
2026-07-28T05:44:41,williambjork01,checked,skipped
2026-07-28T05:44:44,willbrandt_anvander_inte,checked,skipped
2026-07-28T05:44:46,willams.fn,checked,skipped
2026-07-28T05:44:48,wilhemfitness,checked,skipped
2026-07-28T05:44:51,whitelipspairface,checked,skipped
2026-07-28T05:44:53,wheaten_terrier_love,checked,skipped
2026-07-28T05:44:56,whatwelove21,checked,skipped
2026-07-28T05:44:58,what_woo,checked,skipped
2026-07-28T05:45:01,wgeffre,checked,skipped
2026-07-28T05:45:03,westlund81,checked,skipped
2026-07-28T05:45:06,welhii,checked,skipped
2026-07-28T05:45:08,weirdos_of_instagram,checked,skipped
2026-07-28T05:45:11,weeweemem,checked,skipped
2026-07-28T05:45:13,weeniehutjr98,checked,skipped
2026-07-28T05:45:16,wdfgn94,checked,skipped
2026-07-28T05:45:18,watani_mexico,checked,skipped
2026-07-28T05:45:20,wangen77,checked,skipped
2026-07-28T05:45:23,walking_dead_followers,checked,skipped
2026-07-28T05:45:26,vsangelalessandra,checked,skipped
2026-07-28T05:45:27,vpinka,checked,skipped
2026-07-28T05:45:30,vpathy,checked,skipped
2026-07-28T05:45:32,vonvon34,checked,skipped
2026-07-28T05:45:34,vizeau,checked,skipped
2026-07-28T05:45:37,viviannuns,checked,skipped
2026-07-28T05:45:40,vittinho_15,checked,skipped
2026-07-28T05:45:42,vitoriasecret_,checked,skipped
2026-07-28T05:45:44,vitinfon,checked,skipped
2026-07-28T05:45:47,vis0nfashion,checked,skipped
2026-07-28T05:45:49,vinceunciano,checked,skipped
2026-07-28T05:45:52,vincenthaschi,checked,skipped
2026-07-28T05:45:55,vincentadams4,checked,skipped
2026-07-28T05:45:57,vinado123,checked,skipped
2026-07-28T05:46:00,vilhenaci,checked,skipped
2026-07-28T05:46:02,vilhelmtellander,checked,skipped
2026-07-28T05:46:04,vilakennedy67,checked,skipped
2026-07-28T05:46:07,viktorgarmiani,checked,skipped
2026-07-28T05:46:09,video_benne,checked,skipped
2026-07-28T05:46:12,victorthorner,checked,skipped
2026-07-28T05:46:15,vicsimh,checked,skipped
2026-07-28T05:46:17,vicrgl,checked,skipped
2026-07-28T05:46:19,vghldhs,checked,skipped
2026-07-28T05:46:22,vfitsweden,checked,skipped
2026-07-28T05:46:25,vemagrin,checked,skipped
2026-07-28T05:46:28,velin,checked,skipped
2026-07-28T05:46:30,vdjehfhcj,checked,skipped
2026-07-28T05:46:33,valkyria_55,checked,skipped
2026-07-28T05:46:35,vahib_ahsge,checked,skipped
2026-07-28T05:46:38,uttertobias,checked,skipped
2026-07-28T05:46:41,usmcgee,checked,skipped
2026-07-28T05:46:43,uptopp_shay,checked,skipped
2026-07-28T05:47:06,undertaker_23,checked,skipped
2026-07-28T05:47:08,unctiger1,checked,skipped
2026-07-28T05:47:12,uncleziglar,checked,skipped
2026-07-28T05:47:14,umpenguins,checked,skipped
2026-07-28T05:47:17,ullharen.se,checked,skipped
2026-07-28T05:47:19,ukbodybuilders,checked,skipped
2026-07-28T05:47:21,uh_milk2,checked,skipped
2026-07-28T05:47:24,typpaostur,checked,skipped
2026-07-28T05:47:26,tylerhaleyyyy,checked,skipped
2026-07-28T05:47:28,tye.murphy.50,checked,skipped
2026-07-28T05:47:31,tuuulips2,checked,skipped
2026-07-28T05:47:33,tusais10,checked,skipped
2026-07-28T05:47:36,tumblr_taaco,checked,skipped
2026-07-28T05:47:38,ttynbausn,checked,skipped
2026-07-28T05:47:41,tstjtstj,checked,skipped
2026-07-28T05:47:43,trolltimes,checked,skipped
2026-07-28T05:47:44,trobojy,checked,skipped
2026-07-28T05:47:47,trob63,checked,skipped
2026-07-28T05:47:50,triztandjerf,checked,skipped
2026-07-28T05:47:52,tripplecees,checked,skipped
2026-07-28T05:47:54,tripnotme,checked,skipped
2026-07-28T05:47:57,triploxx_,checked,skipped
2026-07-28T05:47:59,trillest_e,checked,skipped
2026-07-28T05:48:01,triceratopsfart,checked,skipped
2026-07-28T05:48:04,tricekansas,checked,skipped
2026-07-28T05:48:06,treeobitch,checked,skipped
2026-07-28T05:48:09,trechoslivros,checked,skipped
2026-07-28T05:48:11,trapplove,checked,skipped
2026-07-28T05:48:14,trana.nu,checked,skipped
2026-07-28T05:48:17,train515,checked,skipped
2026-07-28T05:48:20,tpuranen,checked,skipped
2026-07-28T05:48:22,toyalan,checked,skipped
2026-07-28T05:48:25,torres_the_norwegian,checked,skipped
2026-07-28T05:48:28,topfashion_best,checked,skipped
2026-07-28T05:48:30,tooofly12,checked,skipped
2026-07-28T05:48:33,tondelrobin,checked,skipped
2026-07-28T05:48:35,tomtarnlund,checked,skipped
2026-07-28T05:48:38,tomswedensquat,checked,skipped
2026-07-28T05:48:40,tomasjacobsen,checked,skipped
2026-07-28T05:48:42,tomasfagermo,checked,skipped
2026-07-28T05:48:44,tofunny4u,checked,skipped
2026-07-28T05:48:47,toffa87,checked,skipped
2026-07-28T05:48:50,tobias_kanstad,checked,skipped
2026-07-28T05:48:52,tobbe_carlestav,checked,skipped
2026-07-28T05:48:54,tmunsch,checked,skipped
2026-07-28T05:48:57,tlrpbl,checked,skipped
2026-07-28T05:49:00,tjyven,checked,skipped
2026-07-28T05:49:02,tinasfit,checked,skipped
2026-07-28T05:49:04,tinaapplegate,checked,skipped
2026-07-28T05:49:07,tina.tchibangu,checked,skipped
2026-07-28T05:49:09,timothyjerome,checked,skipped
2026-07-28T05:49:12,timohadance,checked,skipped
2026-07-28T05:49:15,tillflykten,checked,skipped
2026-07-28T05:49:18,tildahorvath,checked,skipped
2026-07-28T05:49:20,tiildaluthman,checked,skipped
2026-07-28T05:49:23,tigerskorpan,checked,skipped
2026-07-28T05:49:27,tigershark888,checked,skipped
2026-07-28T05:49:30,thurnjhi,checked,skipped
2026-07-28T05:49:33,thunbergpeter,checked,skipped
2026-07-28T05:49:35,thruways,checked,skipped
2026-07-28T05:49:38,throwed_dude,checked,skipped
2026-07-28T05:49:40,thotf2,checked,skipped
2026-07-28T05:49:43,thorngoudom,checked,skipped
2026-07-28T05:49:45,thomas68paulsson,checked,skipped
2026-07-28T05:49:48,thodges91,checked,skipped
2026-07-28T05:49:51,thiski9,checked,skipped
2026-07-28T05:49:54,thisistooreal16,checked,skipped
2026-07-28T05:49:56,thisboyadi,checked,skipped
2026-07-28T05:49:59,thgus24,checked,skipped
2026-07-28T05:50:01,theworldsfinestgirls,checked,skipped
2026-07-28T05:50:04,thewisephotos,checked,skipped
2026-07-28T05:50:06,thetruelove14,checked,skipped
2026-07-28T05:50:09,thetonyluke,checked,skipped
2026-07-28T05:50:12,thesparklingdb,checked,skipped
2026-07-28T05:50:15,theseroglu,checked,skipped
2026-07-28T05:50:17,theserogllu,checked,skipped
2026-07-28T05:50:20,therespettersson,checked,skipped
2026-07-28T05:50:22,theresiabjo,checked,skipped
2026-07-28T05:50:25,theresia_malm,checked,skipped
2026-07-28T05:50:28,therese.forsbacka,checked,skipped
2026-07-28T05:50:30,theresalejon,checked,skipped
2026-07-28T05:50:33,theplaymakerstheatre,checked,skipped
2026-07-28T05:50:35,theoriginalsjogren,checked,skipped
2026-07-28T05:50:38,themetzen,checked,skipped
2026-07-28T05:50:40,themasterofvoices,checked,skipped
2026-07-28T05:50:43,themanpogz,checked,skipped
2026-07-28T05:50:45,thelifeofjarad,checked,skipped
2026-07-28T05:50:48,thedreamer_1,checked,skipped
2026-07-28T05:50:50,thedeadfearwolvesuk,checked,skipped
2026-07-28T05:50:53,thecraigwhite,checked,skipped
2026-07-28T05:50:55,thecoachag,checked,skipped
2026-07-28T05:50:58,the_truth82,checked,skipped
2026-07-28T05:51:01,the_sixthman,checked,skipped
2026-07-28T05:51:04,the_real_shoutouts1,checked,skipped
2026-07-28T05:51:06,the_real_gangsta01,checked,skipped
2026-07-28T05:51:09,the22th,checked,skipped
2026-07-28T05:51:11,thatsmellygirlkelly,checked,skipped
2026-07-28T05:51:14,thatguyjone,checked,skipped
2026-07-28T05:51:17,thatcanadianguy11,checked,skipped
2026-07-28T05:51:19,that_one_chris_guy31,checked,skipped
2026-07-28T05:51:22,thamoraes28,checked,skipped
2026-07-28T05:51:24,th1s_1s_aw3s0m3,checked,skipped
2026-07-28T05:51:27,tgnfalk,checked,skipped
2026-07-28T05:51:30,tezzek,checked,skipped
2026-07-28T05:51:32,texaslonghorn_orebro,checked,skipped
2026-07-28T05:51:35,tetsuart,checked,skipped
2026-07-28T05:51:37,testjosh1,checked,skipped
2026-07-28T05:51:40,testesttest1,checked,skipped
2026-07-28T05:51:42,testegu1,checked,skipped
2026-07-28T05:51:45,testegram153,checked,skipped
2026-07-28T05:51:47,testeaula22,checked,skipped
2026-07-28T05:51:50,test14a,checked,skipped
2026-07-28T05:51:53,tessan.76,checked,skipped
2026-07-28T05:51:55,terrancecool4,checked,skipped
2026-07-28T05:51:57,teo_cocainomane,checked,skipped
2026-07-28T05:52:00,tenley101,checked,skipped
2026-07-28T05:52:02,tejlan,checked,skipped
2026-07-28T05:52:05,tedisfat101,checked,skipped
2026-07-28T05:52:07,teddysoadis,checked,skipped
2026-07-28T05:52:09,teamprospects_se,checked,skipped
2026-07-28T05:52:12,teamfitnessbrazil,checked,skipped
2026-07-28T05:52:34,taylorgang133,checked,skipped
2026-07-28T05:52:37,tayla_nash2,checked,skipped
2026-07-28T05:52:40,tattoomanne,checked,skipped
2026-07-28T05:52:42,tatianarosezz,checked,skipped
2026-07-28T05:52:44,taterup,checked,skipped
2026-07-28T05:52:47,tateese,checked,skipped
2026-07-28T05:52:50,tatadln,checked,skipped
2026-07-28T05:52:53,tasooos,checked,skipped
2026-07-28T05:52:55,tariqtaqi74,checked,skipped
2026-07-28T05:52:57,tarde_2,checked,skipped
2026-07-28T05:53:00,taramackewing,checked,skipped
2026-07-28T05:53:03,tara330,checked,skipped
2026-07-28T05:53:05,tapoutsweden,checked,skipped
2026-07-28T05:53:08,tank657,checked,skipped
2026-07-28T05:53:10,taniagati,checked,skipped
2026-07-28T05:53:13,taminamuhannad,checked,skipped
2026-07-28T05:53:15,tamaplayr,checked,skipped
2026-07-28T05:53:18,talseltyteext4,checked,skipped
2026-07-28T05:53:21,takiathetalented,checked,skipped
2026-07-28T05:53:24,takerbc,checked,skipped
2026-07-28T05:53:26,tafin123,checked,skipped
2026-07-28T05:53:28,t5dragon,checked,skipped
2026-07-28T05:53:31,szymonkos007,checked,skipped
2026-07-28T05:53:34,swolo222,checked,skipped
2026-07-28T05:53:36,swoll_fitness,checked,skipped
2026-07-28T05:53:38,swole_motion,checked,skipped
2026-07-28T05:53:41,sweetkarro,checked,skipped
2026-07-28T05:53:43,swedoption,checked,skipped
2026-07-28T05:53:45,swedishviking7,checked,skipped
2026-07-28T05:53:48,swedishteddybear,checked,skipped
2026-07-28T05:53:50,swdale88,checked,skipped
2026-07-28T05:53:53,swagunited2,checked,skipped
2026-07-28T05:53:55,swagmaniggas,checked,skipped
2026-07-28T05:53:57,swaglordturnup,checked,skipped
2026-07-28T05:54:20,swaggboy114,checked,skipped
2026-07-28T05:54:23,swaggallthewayy,checked,skipped
2026-07-28T05:54:25,swagaccount42,checked,skipped
2026-07-28T05:54:27,swag_shi,checked,skipped
2026-07-28T05:54:30,swag23410,checked,skipped
2026-07-28T05:54:33,svensson_elli,checked,skipped
2026-07-28T05:54:56,svanung,checked,skipped
2026-07-28T05:54:59,svante2012,checked,skipped
2026-07-28T05:55:01,svahnflyget,checked,skipped
2026-07-28T05:55:04,suzankultanen,checked,skipped
2026-07-28T05:55:06,susanagalmay,checked,skipped
2026-07-28T05:55:08,suryoyesthlm,checked,skipped
2026-07-28T05:55:11,sura_nappar,checked,skipped
2026-07-28T05:55:13,supreme.cala,checked,skipped
2026-07-28T05:55:15,superwilliamsboi12,checked,skipped
2026-07-28T05:55:19,supersvensker,checked,skipped
2026-07-28T05:55:21,sungmin82,checked,skipped
2026-07-28T05:55:23,sunbeells,checked,skipped
2026-07-28T05:55:26,sunbeam7,checked,skipped
2026-07-28T05:55:29,summercool_,checked,skipped
2026-07-28T05:55:31,sujitsundar,checked,skipped
2026-07-28T05:55:34,suemex,checked,skipped
2026-07-28T05:55:37,suckmycock870,checked,skipped
2026-07-28T05:55:39,stylesalong2017,checked,skipped
2026-07-28T05:55:42,stupidface4,checked,skipped
2026-07-28T05:55:44,study_time_bend,checked,skipped
2026-07-28T05:55:47,strongisbetterthanskinny,checked,skipped
2026-07-28T05:55:49,stromjohan,checked,skipped
2026-07-28T05:55:52,strandbergtomas,checked,skipped
2026-07-28T05:55:54,storapojkar,checked,skipped
2026-07-28T05:55:56,stoffe84,checked,skipped
2026-07-28T05:55:59,stiliianos,checked,skipped
2026-07-28T05:56:02,stevenstephen124,checked,skipped
2026-07-28T05:56:04,stevenofitness,checked,skipped
2026-07-28T05:56:06,stevemaman,checked,skipped
2026-07-28T05:56:08,stephaniesikes,checked,skipped
2026-07-28T05:56:11,stenvallsgrymmaresa,checked,skipped
2026-07-28T05:56:13,stefannilsson019,checked,skipped
2026-07-28T05:56:15,stefan_39,checked,skipped
2026-07-28T05:56:17,stefan.olovsson,checked,skipped
2026-07-28T05:56:20,stefan.nyblad,checked,skipped
2026-07-28T05:56:22,steeldeer,checked,skipped
2026-07-28T05:56:25,stay_true_85,checked,skipped
2026-07-28T05:56:27,starkhalsa,checked,skipped
2026-07-28T05:56:30,starbucks165,checked,skipped
2026-07-28T05:56:34,stadstradgarden_,checked,skipped
2026-07-28T05:56:36,staafjura,checked,skipped
2026-07-28T05:56:40,ssf.ujlaget,checked,skipped
2026-07-28T05:56:42,ssamsara12,checked,skipped
2026-07-28T05:56:44,srluckas,checked,skipped
2026-07-28T05:56:47,squatscurlscardio,checked,skipped
2026-07-28T05:56:50,sportstationen,checked,skipped
2026-07-28T05:56:52,splifeyjr2,checked,skipped
2026-07-28T05:56:55,spitfireleather,checked,skipped
2026-07-28T05:56:58,spatience24,checked,skipped
2026-07-28T05:57:00,souza_instagram,checked,skipped
2026-07-28T05:57:02,souvagaba,checked,skipped
2026-07-28T05:57:04,southsouth00,checked,skipped
2026-07-28T05:57:07,soulrafaevc,checked,skipped
2026-07-28T05:57:09,soufalelek,checked,skipped
2026-07-28T05:57:11,sosyalemre,checked,skipped
2026-07-28T05:57:13,sorellaorebro,checked,skipped
2026-07-28T05:57:16,sophiiafredriksson,checked,skipped
2026-07-28T05:57:18,sonnaja55,checked,skipped
2026-07-28T05:57:20,sonjak37,checked,skipped
2026-07-28T05:57:23,sonicalva,checked,skipped
2026-07-28T05:57:25,someonepopp,checked,skipped
2026-07-28T05:57:28,someboy97,checked,skipped
2026-07-28T05:57:31,solveling,checked,skipped
2026-07-28T05:57:33,sokool12,checked,skipped
2026-07-28T05:57:37,sofiaolsn,checked,skipped
2026-07-28T05:57:39,sofiah87,checked,skipped
2026-07-28T05:57:41,sofiaerlandssn,checked,skipped
2026-07-28T05:57:44,sofia.friberg_,checked,skipped
2026-07-28T05:57:47,sodravattentornet,checked,skipped
2026-07-28T05:57:49,snyggstaffan,checked,skipped
2026-07-28T05:57:51,sneaker.az,checked,skipped
2026-07-28T05:57:53,smuckjam,checked,skipped
2026-07-28T05:57:56,smilepower528,checked,skipped
2026-07-28T05:57:58,smartgentcop,checked,skipped
2026-07-28T05:58:00,slowmaz,checked,skipped
2026-07-28T05:58:03,slowandsure,checked,skipped
2026-07-28T05:58:05,slothy_secrets,checked,skipped
2026-07-28T05:58:07,slimm_janae,checked,skipped
2026-07-28T05:58:10,slave4hazza,checked,skipped
2026-07-28T05:58:12,slacara,checked,skipped
2026-07-28T05:58:15,skrans,checked,skipped
2026-07-28T05:58:17,skorpan25,checked,skipped
2026-07-28T05:58:20,skid_olle,checked,skipped
2026-07-28T05:58:22,skateshredlive,checked,skipped
2026-07-28T05:58:24,skanefitness,checked,skipped
2026-07-28T05:58:27,skabbina,checked,skipped
2026-07-28T05:58:29,sk8onlyne,checked,skipped
2026-07-28T05:58:31,sk8_longboard,checked,skipped
2026-07-28T05:58:34,sjk422,checked,skipped
2026-07-28T05:58:37,singingindarain,checked,skipped
2026-07-28T05:58:39,sinemisbeautywellbeing,checked,skipped
2026-07-28T05:58:42,sin.cristo.no.somos.nada.7,checked,skipped
2026-07-28T05:58:44,simply_exotics,checked,skipped
2026-07-28T05:58:46,simonsen_johanna,checked,skipped
2026-07-28T05:58:48,simonkaptenhansson,checked,skipped
2026-07-28T05:58:51,simon_albayrak,checked,skipped
2026-07-28T05:58:52,silvestermujkic,checked,skipped
2026-07-28T05:58:55,silverbackanabolics,checked,skipped
2026-07-28T05:58:57,sibbeluring,checked,skipped
2026-07-28T05:59:00,shurikaz,checked,skipped
2026-07-28T05:59:02,shr7.55,checked,skipped
2026-07-28T05:59:04,shoutoutsrs,checked,skipped
2026-07-28T05:59:07,shoutoutsparing,checked,skipped
2026-07-28T05:59:09,shoutouts_free39,checked,skipped
2026-07-28T05:59:11,shoutouts_are_4_u,checked,skipped
2026-07-28T05:59:14,shoutouts4urrmom,checked,skipped
2026-07-28T05:59:16,shoutouts4fun57,checked,skipped
2026-07-28T05:59:19,shoutoutlikeyomumma,checked,skipped
2026-07-28T05:59:21,shoutout_page132,checked,skipped
2026-07-28T05:59:24,shoutout_oftheday,checked,skipped
2026-07-28T05:59:27,shoutout_officials1,checked,skipped
2026-07-28T05:59:29,shoutout_now12,checked,skipped
2026-07-28T05:59:31,shoutoults,checked,skipped
2026-07-28T05:59:34,shout_out_for_life41,checked,skipped
2026-07-28T05:59:36,shout_out_doctor,checked,skipped
2026-07-28T05:59:39,shots_och_drinkar,checked,skipped
2026-07-28T05:59:41,shorouqshwai5,checked,skipped
2026-07-28T05:59:43,shoppaaa,checked,skipped
2026-07-28T05:59:46,shootit.se,checked,skipped
2026-07-28T05:59:48,shmoplivinh,checked,skipped
2026-07-28T05:59:50,shikoliion,checked,skipped
2026-07-28T05:59:53,shekha.aalli,checked,skipped
2026-07-28T05:59:55,sheaosaurus44,checked,skipped
2026-07-28T06:04:58,shadi.dahsheh,checked,skipped
2026-07-28T06:05:00,shad_askari,checked,skipped
2026-07-28T06:05:02,sh0ut0utrn,checked,skipped
2026-07-28T06:05:05,seymurahmed,checked,skipped
2026-07-28T06:05:07,sexy_boys209,checked,skipped
2026-07-28T06:05:09,sewes,checked,skipped
2026-07-28T06:05:11,sethstrudel,checked,skipped
2026-07-28T06:05:14,sethdeysach,checked,skipped
2026-07-28T06:05:16,seresophii,checked,skipped
2026-07-28T06:05:19,sennerstrom,checked,skipped
2026-07-28T06:05:21,seniorborje,checked,skipped
2026-07-28T06:05:24,selendogan95,checked,skipped
2026-07-28T06:05:26,sega_game_1,checked,skipped
2026-07-28T06:05:28,sebbeohbom,checked,skipped
2026-07-28T06:05:31,sebbemelander,checked,skipped
2026-07-28T06:05:33,sebbastium,checked,skipped
2026-07-28T06:05:35,sebastianobom,checked,skipped
2026-07-28T06:05:38,sebastianharnesk,checked,skipped
2026-07-28T06:05:41,sebastian_jedhamre,checked,skipped
2026-07-28T06:05:44,sebastian__henriksson,checked,skipped
2026-07-28T06:05:46,sebastian.henriksson99,checked,skipped
2026-07-28T06:05:48,seacornwall,checked,skipped
2026-07-28T06:05:51,scyn04,checked,skipped
2026-07-28T06:05:54,scottkavanaugh,checked,skipped
2026-07-28T06:05:56,scopequick,checked,skipped
2026-07-28T06:05:58,schwenken,checked,skipped
2026-07-28T06:06:01,schwarzgelben,checked,skipped
2026-07-28T06:06:03,sce_matchesss,checked,skipped
2026-07-28T06:06:06,sbainskxnqhs,checked,skipped
2026-07-28T06:06:08,savok17,checked,skipped
2026-07-28T06:06:10,savash_qandhari,checked,skipped
2026-07-28T06:06:13,savannaisperf,checked,skipped
2026-07-28T06:06:16,savannah_xo909,checked,skipped
2026-07-28T06:06:18,sarjoh74,checked,skipped
2026-07-28T06:06:20,sarbaast,checked,skipped
2026-07-28T06:06:23,sarawalsch,checked,skipped
2026-07-28T06:06:26,saranhn,checked,skipped
2026-07-28T06:06:29,sarameds,checked,skipped
2026-07-28T06:06:31,sarahteagan98,checked,skipped
2026-07-28T06:06:34,sarahradberg,checked,skipped
2026-07-28T06:06:37,sarahcostanza1,checked,skipped
2026-07-28T06:06:39,sarah.lemming25,checked,skipped
2026-07-28T06:06:41,saraemeliejosefine.fitness,checked,skipped
2026-07-28T06:06:44,sarabillstroom,checked,skipped
2026-07-28T06:06:47,saraarturs,checked,skipped
2026-07-28T06:06:49,sannaalriksson,checked,skipped
2026-07-28T06:06:52,sanna_s83,checked,skipped
2026-07-28T06:06:54,sanna.lundell,checked,skipped
2026-07-28T06:06:57,sanjok1_,checked,skipped
2026-07-28T06:07:00,sandraolsson78,checked,skipped
2026-07-28T06:07:02,sandragrans,checked,skipped
2026-07-28T06:07:06,sandqvistemil,checked,skipped
2026-07-28T06:07:08,samueloeberg,checked,skipped
2026-07-28T06:07:11,sammiesjalaro,checked,skipped
2026-07-28T06:07:13,sammie_gurl123,checked,skipped
2026-07-28T06:07:16,samkwaayi,checked,skipped
2026-07-28T06:07:18,samantha_lovee4,checked,skipped
2026-07-28T06:07:21,salynac,checked,skipped
2026-07-28T06:07:23,salonggochco,checked,skipped
2026-07-28T06:07:26,salmysidek,checked,skipped
2026-07-28T06:07:28,salihkaralic,checked,skipped
2026-07-28T06:07:31,saidaepo,checked,skipped
2026-07-28T06:07:33,saidaeltaya,checked,skipped
2026-07-28T06:07:36,sabinabonnevier,checked,skipped
2026-07-28T06:07:39,saannaa80,checked,skipped
2026-07-28T06:07:41,s_fortitude,checked,skipped
2026-07-28T06:07:43,s4s_go_now,checked,skipped
2026-07-28T06:07:46,s2laras2,checked,skipped
2026-07-28T06:07:48,rylannn,checked,skipped
2026-07-28T06:07:51,rycbar12,checked,skipped
2026-07-28T06:07:53,ryanmapag,checked,skipped
2026-07-28T06:07:56,ryanadamfitness,checked,skipped
2026-07-28T06:07:58,ryan_staron1,checked,skipped
2026-07-28T06:08:00,rushlover91,checked,skipped
2026-07-28T06:08:03,running_katti,checked,skipped
2026-07-28T06:08:05,runescapepage,checked,skipped
2026-07-28T06:08:07,rudyfastcat,checked,skipped
2026-07-28T06:08:10,rudog23,checked,skipped
2026-07-28T06:08:12,rr_and2,checked,skipped
2026-07-28T06:08:15,rpedemonte,checked,skipped
2026-07-28T06:08:18,roysterbb,checked,skipped
2026-07-28T06:08:21,roylam,checked,skipped
2026-07-28T06:08:24,rovanali,checked,skipped
2026-07-28T06:08:26,rosistrandbergljung,checked,skipped
2026-07-28T06:08:29,rosieandersson72,checked,skipped
2026-07-28T06:08:31,rosaliehermansson,checked,skipped
2026-07-28T06:08:34,rooobinl,checked,skipped
2026-07-28T06:08:37,rookiewestin,checked,skipped
2026-07-28T06:08:39,ronjakarlssson,checked,skipped
2026-07-28T06:08:41,romerog93,checked,skipped
2026-07-28T06:08:43,romebrah002,checked,skipped
2026-07-28T06:08:46,romaaaariioockl,checked,skipped
2026-07-28T06:08:48,rodriguezgerardo566,checked,skipped
2026-07-28T06:08:50,rodentlife,checked,skipped
2026-07-28T06:08:53,roddyclaps_,checked,skipped
2026-07-28T06:08:56,rocimel,checked,skipped
2026-07-28T06:08:58,roccoad,checked,skipped
2026-07-28T06:09:00,robinolssonfitness,checked,skipped
2026-07-28T06:09:03,robingulger,checked,skipped
2026-07-28T06:09:06,robinelliot,checked,skipped
2026-07-28T06:09:08,robin4life_productions,checked,skipped
2026-07-28T06:09:11,robertsellen,checked,skipped
2026-07-28T06:09:13,roberthinojosa69,checked,skipped
2026-07-28T06:09:16,robertfernqvist,checked,skipped
2026-07-28T06:09:18,robert.physique,checked,skipped
2026-07-28T06:09:21,robdasho133,checked,skipped
2026-07-28T06:09:23,robbelibobban_78,checked,skipped
2026-07-28T06:09:25,ritamartignoni,checked,skipped
2026-07-28T06:09:28,rilleperre,checked,skipped
2026-07-28T06:09:30,rillejacobsen,checked,skipped
2026-07-28T06:09:33,rilakkuma_kun,checked,skipped
2026-07-28T06:09:35,rikardsfiske,checked,skipped
2026-07-28T06:09:38,rigoberto621,checked,skipped
2026-07-28T06:09:40,rico_skitso,checked,skipped
2026-07-28T06:09:43,rickyfitstylist,checked,skipped
2026-07-28T06:09:45,rickybentsen,checked,skipped
2026-07-28T06:09:47,rickmose,checked,skipped
2026-07-28T06:09:50,rickardvestman,checked,skipped
2026-07-28T06:09:52,rickardbravo,checked,skipped
2026-07-28T06:09:54,rickardberglind,checked,skipped
2026-07-28T06:09:57,rickardbecker,checked,skipped
2026-07-28T06:10:20,ricankingmario,checked,skipped
2026-07-28T06:10:23,ri_lucy,checked,skipped
2026-07-28T06:10:25,rheariegel,checked,skipped
2026-07-28T06:10:28,rgusson,checked,skipped
2026-07-28T06:10:30,reza.razmgah_,checked,skipped
2026-07-28T06:10:33,reyner_leiton23,checked,skipped
2026-07-28T06:10:36,resy96,checked,skipped
2026-07-28T06:10:38,reneefeder,checked,skipped
2026-07-28T06:10:41,renatalikes,checked,skipped
2026-07-28T06:10:44,relifesportsusa,checked,skipped
2026-07-28T06:10:46,regen_beyond,checked,skipped
2026-07-28T06:10:48,reetulio,checked,skipped
2026-07-28T06:10:51,redsox36,checked,skipped
2026-07-28T06:10:53,redescobrirbrazilian,checked,skipped
2026-07-28T06:10:55,reddarling_,checked,skipped
2026-07-28T06:10:58,red_head_x33,checked,skipped
2026-07-28T06:11:00,rebellion4sho,checked,skipped
2026-07-28T06:11:03,rebeckahonk,checked,skipped
2026-07-28T06:11:05,rebeckaekl,checked,skipped
2026-07-28T06:11:08,rebeccabeccas92,checked,skipped
2026-07-28T06:11:10,rebecauiui,checked,skipped
2026-07-28T06:11:13,rebanh,checked,skipped
2026-07-28T06:11:16,realtiger_,checked,skipped
2026-07-28T06:11:18,realsomali,checked,skipped
2026-07-28T06:11:20,realshoutouts78,checked,skipped
2026-07-28T06:11:23,realniggah81,checked,skipped
2026-07-28T06:11:26,realmikej,checked,skipped
2026-07-28T06:11:29,real__accountcom,checked,skipped
2026-07-28T09:04:33,rdjb2012,checked,skipped
2026-07-28T09:04:36,rdgiuri16,checked,skipped
2026-07-28T09:04:38,rcyusermi,checked,skipped
2026-07-28T09:04:40,rayan_singer500,checked,skipped
2026-07-28T09:04:42,ravynjr,checked,skipped
2026-07-28T09:04:45,ravedepre,checked,skipped
2026-07-28T09:04:47,raul_barreto22,checked,skipped
2026-07-28T09:04:49,rasmusarnsved,checked,skipped
2026-07-28T09:04:52,raquehbarros,checked,skipped
2026-07-28T09:04:54,randybandy1,checked,skipped
2026-07-28T09:04:56,randomsportsposts,checked,skipped
2026-07-28T09:04:58,randombullshit,checked,skipped
2026-07-28T09:05:01,ralphdayacap,checked,skipped
2026-07-28T09:05:03,rakvatten,checked,skipped
2026-07-28T09:05:06,raheem802,checked,skipped
2026-07-28T09:05:08,rahaa.fkhaled,checked,skipped
2026-07-28T09:05:11,rafykiwi,checked,skipped
2026-07-28T09:05:13,radix516,checked,skipped
2026-07-28T09:05:15,rachlinmart,checked,skipped
2026-07-28T09:05:17,raaybaan,checked,skipped
2026-07-28T09:05:19,r_afael_,checked,skipped
2026-07-28T09:05:21,r4s4b8,checked,skipped
2026-07-28T09:05:24,r0nnberg,checked,skipped
2026-07-28T09:05:26,r.wollenius,checked,skipped
2026-07-28T09:05:29,r.b.p.2026,checked,skipped
2026-07-28T09:05:31,qwertyxdlol,checked,skipped
2026-07-28T09:05:33,qwertysns,checked,skipped
2026-07-28T09:05:35,quzz123,checked,skipped
2026-07-28T09:05:37,quote_is_chicken,checked,skipped
2026-07-28T09:05:39,quarterman101,checked,skipped
2026-07-28T09:05:42,qroniqle1,checked,skipped
2026-07-28T09:05:44,qetuop99,checked,skipped
2026-07-28T09:05:47,qeesrums,checked,skipped
2026-07-28T09:05:49,putyourmindintoitit,checked,skipped
2026-07-28T09:05:51,purple_sky23,checked,skipped
2026-07-28T09:05:53,purenordisk.no,checked,skipped
2026-07-28T09:05:55,pur0sex0,checked,skipped
2026-07-28T09:05:58,pupucheat,checked,skipped
2026-07-28T09:06:00,pups_gesicht,checked,skipped
2026-07-28T09:06:02,pumii19,checked,skipped
2026-07-28T09:06:04,pumalindo,checked,skipped
2026-07-28T09:06:07,pudim789,checked,skipped
2026-07-28T09:06:09,ptfsweden,checked,skipped
2026-07-28T09:06:11,psjostrom14,checked,skipped
2026-07-28T09:06:13,psidenback,checked,skipped
2026-07-28T09:06:16,psg_performance,checked,skipped
2026-07-28T09:06:18,ps_flip,checked,skipped
2026-07-28T09:06:21,prostojulia_k,checked,skipped
2026-07-28T09:06:44,priquitinha,checked,skipped
2026-07-28T09:06:47,princesavioleta,checked,skipped
2026-07-28T09:06:49,princecharmant73,checked,skipped
2026-07-28T09:06:52,prettypeopleokay,checked,skipped
2026-07-28T09:06:54,pressbilden,checked,skipped
2026-07-28T09:06:56,prashantmj,checked,skipped
2026-07-28T09:06:59,prankidealaim,checked,skipped
2026-07-28T09:07:22,poulady,checked,skipped
2026-07-28T09:07:24,portuga_95,checked,skipped
2026-07-28T09:07:26,popelarisaac,checked,skipped
2026-07-28T09:07:28,pooplikerrr,checked,skipped
2026-07-28T09:07:31,poopbooi,checked,skipped
2026-07-28T09:07:34,poontusl,checked,skipped
2026-07-28T09:07:36,pontusros,checked,skipped
2026-07-28T09:07:38,pontkarlsson,checked,skipped
2026-07-28T09:07:40,pontavaden,checked,skipped
2026-07-28T09:07:43,pompsbelile,checked,skipped
2026-07-28T09:07:45,polkann,checked,skipped
2026-07-28T09:07:47,plaid67,checked,skipped
2026-07-28T09:07:50,pippi.maria,checked,skipped
2026-07-28T09:07:53,pipo_sam,checked,skipped
2026-07-28T09:07:56,pipicalala,checked,skipped
2026-07-28T09:07:57,pink_t_10,checked,skipped
2026-07-28T09:07:59,pikkenikke,checked,skipped
2026-07-28T09:08:01,piiietiii,checked,skipped
2026-07-28T09:08:03,pierreasio,checked,skipped
2026-07-28T09:08:05,pierreakjohansson,checked,skipped
2026-07-28T09:08:08,piejak,checked,skipped
2026-07-28T09:08:10,pianakaris,checked,skipped
2026-07-28T09:08:13,photos_by_rosi,checked,skipped
2026-07-28T09:08:15,photograph_live,checked,skipped
2026-07-28T09:08:17,phoebeslikes,checked,skipped
2026-07-28T09:08:19,philipstrokehero,checked,skipped
2026-07-28T09:08:21,phelipetvd,checked,skipped
2026-07-28T09:08:24,phatchris88,checked,skipped
2026-07-28T09:08:25,petrahedlunddd,checked,skipped
2026-07-28T09:08:27,peteyboi3,checked,skipped
2026-07-28T09:08:29,peterpers66,checked,skipped
2026-07-28T09:08:32,pete.afoto,checked,skipped
2026-07-28T09:08:34,pesha_86,checked,skipped
2026-07-28T09:08:36,persianlikesrus,checked,skipped
2026-07-28T09:08:38,perpola,checked,skipped
2026-07-28T09:08:41,perk_elle,checked,skipped
2026-07-28T09:08:44,performancehealthnutrition,checked,skipped
2026-07-28T09:08:46,perevincent,checked,skipped
2026-07-28T09:08:48,pedrocrff,checked,skipped
2026-07-28T09:08:51,pedro_sanches18,checked,skipped
2026-07-28T09:08:53,pedrarina,checked,skipped
2026-07-28T09:08:56,pedram_82,checked,skipped
2026-07-28T09:08:58,patrikperssn,checked,skipped
2026-07-28T09:09:01,patrikelmersson,checked,skipped
2026-07-28T09:09:02,patrik_gustafssonn,checked,skipped
2026-07-28T09:09:04,patrickwestin,checked,skipped
2026-07-28T09:09:06,patrick1reed,checked,skipped
2026-07-28T09:09:09,patriciavictoriaa,checked,skipped
2026-07-28T09:09:11,pascual_88bear,checked,skipped
2026-07-28T09:09:13,parspanbo,checked,skipped
2026-07-28T09:09:15,parker_knottt,checked,skipped
2026-07-28T09:09:18,pantrydecor,checked,skipped
2026-07-28T09:09:20,panisher24,checked,skipped
2026-07-28T09:09:23,pandafaake,checked,skipped
2026-07-28T09:09:24,pamfake,checked,skipped
2026-07-28T09:09:26,pamavaom,checked,skipped
2026-07-28T09:09:29,paltaan,checked,skipped
2026-07-28T09:09:30,palmrothtraining,checked,skipped
2026-07-28T09:09:33,palmmm1,checked,skipped
2026-07-28T09:09:35,paigesheppard792,checked,skipped
2026-07-28T09:09:37,paaalese,checked,skipped
2026-07-28T09:09:39,p_nowen,checked,skipped
2026-07-28T09:09:42,p_berglund,checked,skipped
2026-07-28T09:09:44,p.stenbumling,checked,skipped
2026-07-28T09:09:47,p.ljungberg,checked,skipped
2026-07-28T09:09:49,ozackf,checked,skipped
2026-07-28T09:09:51,owenclaridge1,checked,skipped
2026-07-28T09:09:54,out_shout_city,checked,skipped
2026-07-28T09:09:56,osso_said,checked,skipped
2026-07-28T09:09:58,oskarsoderman,checked,skipped
2026-07-28T09:10:01,oskarnilsson_4,checked,skipped
2026-07-28T09:10:03,oskarnilsare,checked,skipped
2026-07-28T09:10:05,oskarlindmarksahlgren,checked,skipped
2026-07-28T09:10:08,oskarlenon99,checked,skipped
2026-07-28T09:10:11,oskarjanssongolf,checked,skipped
2026-07-28T09:10:14,oskar18ljungholm,checked,skipped
2026-07-28T09:10:15,oscarsvanborg,checked,skipped
2026-07-28T09:10:17,oscarmorpa,checked,skipped
2026-07-28T09:10:19,orebroblackknights,checked,skipped
2026-07-28T09:10:21,ordningsvakten,checked,skipped
2026-07-28T09:10:24,optic_fries,checked,skipped
2026-07-28T09:10:26,onsite_tan,checked,skipped
2026-07-28T09:10:28,onikamarajluv6,checked,skipped
2026-07-28T09:10:30,onewarri0r,checked,skipped
2026-07-28T09:10:33,onejohnaz,checked,skipped
2026-07-28T09:10:35,omgfuih,checked,skipped
2026-07-28T09:10:37,omg123y,checked,skipped
2026-07-28T09:10:39,omegaunic,checked,skipped
2026-07-28T09:10:41,olympusperformanceclothing,checked,skipped
2026-07-28T09:10:43,olssonnina,checked,skipped
2026-07-28T09:10:46,ololmopo,checked,skipped
2026-07-28T09:10:48,olofssonmagnus,checked,skipped
2026-07-28T09:10:50,olofssonann,checked,skipped
2026-07-28T09:10:52,olofsson_noel,checked,skipped
2026-07-28T09:10:55,olobersyko_,checked,skipped
2026-07-28T09:10:57,ollelg,checked,skipped
2026-07-28T09:10:59,oliverpallace,checked,skipped
2026-07-28T09:11:01,oliverknapp,checked,skipped
2026-07-28T09:11:03,old_hooligans,checked,skipped
2026-07-28T09:11:05,olaeriksen1978,checked,skipped
2026-07-28T09:11:07,okokoksoya,checked,skipped
2026-07-28T09:11:09,oiva69,checked,skipped
2026-07-28T09:11:12,ohyeahmebro9,checked,skipped
2026-07-28T09:11:14,ohmaon,checked,skipped
2026-07-28T09:11:37,odelsheim,checked,skipped
2026-07-28T09:11:39,obrayan344,checked,skipped
2026-07-28T09:11:41,obakosoalex,checked,skipped
2026-07-28T09:11:44,oakbeache,checked,skipped
2026-07-28T09:11:47,nydahljohn,checked,skipped
2026-07-28T09:11:49,nut_smarttracker,checked,skipped
2026-07-28T09:11:51,nurakada,checked,skipped
2026-07-28T09:11:53,ntubz123,checked,skipped
2026-07-28T09:11:56,nsuranceldy,checked,skipped
2026-07-28T09:11:58,nsunilc,checked,skipped
2026-07-28T09:11:59,nshsiwmxjd,checked,skipped
2026-07-28T09:12:02,nrsbetty247,checked,skipped
2026-07-28T09:12:04,nparken,checked,skipped
2026-07-28T09:12:06,nour_sinr_,checked,skipped
2026-07-28T09:12:08,noturno1_,checked,skipped
2026-07-28T09:12:10,nottavip,checked,skipped
2026-07-28T09:12:13,noteracker,checked,skipped
2026-07-28T09:12:15,nordingustav,checked,skipped
2026-07-28T09:12:18,nordicfighterkalle,checked,skipped
2026-07-28T09:12:20,nordicfighteralex,checked,skipped
2026-07-28T09:12:23,nordicfighter_martin,checked,skipped
2026-07-28T09:12:25,norberto809,checked,skipped
2026-07-28T09:12:28,nonohk,checked,skipped
2026-07-28T09:12:30,noffsan,checked,skipped
2026-07-28T09:12:32,nobrojustno7,checked,skipped
2026-07-28T09:12:34,nittiosex,checked,skipped
2026-07-28T09:12:37,ninety9k,checked,skipped
2026-07-28T09:12:39,nillepillepung,checked,skipped
2026-07-28T09:12:41,niklaskarnberger,checked,skipped
2026-07-28T09:12:44,niklas3627,checked,skipped
2026-07-28T09:12:49,nikesblucky,checked,skipped
2026-07-28T09:12:51,nikelii,checked,skipped
2026-07-28T09:12:54,niguemama,checked,skipped
2026-07-28T09:12:56,nicofara_elite,checked,skipped
2026-07-28T09:12:58,niclas_hallafors,checked,skipped
2026-07-28T09:12:59,nickiwictorin,checked,skipped
2026-07-28T09:13:02,nicbacana,checked,skipped
2026-07-28T09:13:04,nezerothkashar,checked,skipped
2026-07-28T09:13:07,newfacc,checked,skipped
2026-07-28T09:13:09,newby909,checked,skipped
2026-07-28T09:13:11,nettanjea,checked,skipped
2026-07-28T09:13:13,neelhridoy,checked,skipped
2026-07-28T09:13:16,nee_princesa,checked,skipped
2026-07-28T09:13:18,nedimdenim,checked,skipped
2026-07-28T09:13:20,ndrabodoh,checked,skipped
2026-07-28T09:13:23,ncorn001,checked,skipped
2026-07-28T09:13:25,nay123s,checked,skipped
2026-07-28T09:13:27,nautiluspete,checked,skipped
2026-07-28T09:13:29,natisgay_,checked,skipped
2026-07-28T09:13:31,nathapettersson,checked,skipped
2026-07-28T09:13:33,nassime354,checked,skipped
2026-07-28T09:13:36,naroedma,checked,skipped
2026-07-28T09:13:38,narguile123,checked,skipped
2026-07-28T09:13:40,nappymike,checked,skipped
2026-07-28T09:13:42,nananacar,checked,skipped
2026-07-28T09:13:44,nanamurta,checked,skipped
2026-07-28T09:13:47,nakuichia,checked,skipped
2026-07-28T09:13:49,najda.dugalic,checked,skipped
2026-07-28T09:13:51,naisa_qt,checked,skipped
2026-07-28T09:13:54,nadimbaig,checked,skipped
2026-07-28T09:13:56,mysterylovee,checked,skipped
2026-07-28T09:13:58,mymomma69,checked,skipped
2026-07-28T09:14:00,myfitness_daily,checked,skipped
2026-07-28T09:14:03,mx_edits,checked,skipped
2026-07-28T09:14:05,mwernborg,checked,skipped
2026-07-28T09:14:07,mwatstein,checked,skipped
2026-07-28T09:14:10,mw3luvr,checked,skipped
2026-07-28T09:14:12,muytamea,checked,skipped
2026-07-28T09:14:15,mussemusse96,checked,skipped
2026-07-28T09:14:17,munirafirdouse,checked,skipped
2026-07-28T09:14:20,muffinsvargen,checked,skipped
2026-07-28T09:14:22,mubaraqtheboss,checked,skipped
2026-07-28T09:14:24,mtirador,checked,skipped
2026-07-28T09:14:27,msm_cola2,checked,skipped
2026-07-28T09:14:28,mrscarey17,checked,skipped
2026-07-28T09:14:31,mrrogge80,checked,skipped
2026-07-28T09:14:33,mrmarcusstrid,checked,skipped
2026-07-28T09:14:36,mrhero1,checked,skipped
2026-07-28T09:14:38,mrchristianpaulsen,checked,skipped
2026-07-28T09:14:40,mrccathy,checked,skipped
2026-07-28T09:14:43,mrbiltman,checked,skipped
2026-07-28T09:14:45,mr_gunnarsson84,checked,skipped
2026-07-28T09:14:48,mr_arle78,checked,skipped
2026-07-28T09:14:50,mozart223,checked,skipped
2026-07-28T09:14:52,mourachi18,checked,skipped
2026-07-28T09:14:54,mototstik,checked,skipped
2026-07-28T09:14:57,motorcykel85,checked,skipped
2026-07-28T09:14:59,morrisjs,checked,skipped
2026-07-28T09:15:01,morodadon,checked,skipped
2026-07-28T09:15:03,morgantavelin,checked,skipped
2026-07-28T09:15:06,mopough,checked,skipped
2026-07-28T09:15:08,mooabeauty,checked,skipped
2026-07-28T09:15:10,monzhk,checked,skipped
2026-07-28T09:15:13,monkeyzs_,checked,skipped
2026-07-28T09:15:15,monkeyassq,checked,skipped
2026-07-28T09:15:18,monka12m,checked,skipped
2026-07-28T09:15:20,monie_b3,checked,skipped
2026-07-28T09:15:22,monicasavhammar,checked,skipped
2026-07-28T09:15:24,mommys_little_monster83,checked,skipped
2026-07-28T09:15:27,mojje52,checked,skipped
2026-07-28T09:15:29,mogens19,checked,skipped
2026-07-28T09:15:32,moe_killer,checked,skipped
2026-07-28T09:15:33,modellingloveee,checked,skipped
2026-07-28T09:15:35,moasaf,checked,skipped
2026-07-28T09:15:38,moaernestam,checked,skipped
2026-07-28T09:15:39,mnddavid,checked,skipped
2026-07-28T09:15:42,mmadrid71,checked,skipped
2026-07-28T09:15:44,mlonneborg,checked,skipped
2026-07-28T09:15:46,mjsweeney5,checked,skipped
2026-07-28T09:15:49,mitramom,checked,skipped
2026-07-28T09:15:50,mitoox3,checked,skipped
2026-07-28T09:15:53,mitchcolefitness,checked,skipped
2026-07-28T09:15:55,missy_porter,checked,skipped
2026-07-28T09:15:57,missis.lina__,checked,skipped
2026-07-28T09:16:00,misael_ag,checked,skipped
2026-07-28T09:16:02,minlilja,checked,skipped
2026-07-28T09:16:04,mingla.fest.event,checked,skipped
2026-07-28T09:16:06,minemilla,checked,skipped
2026-07-28T09:16:29,milfie_shoutouts,checked,skipped
2026-07-28T09:16:32,mileylees,checked,skipped
2026-07-28T09:16:34,miley989,checked,skipped
2026-07-28T09:16:37,mikrovio,checked,skipped
2026-07-28T09:16:39,mikeorebro,checked,skipped
2026-07-28T09:16:42,mikenorgren,checked,skipped
2026-07-28T09:16:44,mikal.h,checked,skipped
2026-07-28T09:16:47,mikaelx2025,checked,skipped
2026-07-28T09:16:50,mikaeltagelius,checked,skipped
2026-07-28T09:16:52,mikaeljackel,checked,skipped
2026-07-28T09:16:54,mikaelgoulias,checked,skipped
2026-07-28T09:16:56,mikaeleckard,checked,skipped
2026-07-28T09:16:58,mikaelborg,checked,skipped
2026-07-28T09:17:01,mikael_798,checked,skipped
2026-07-28T09:17:03,mikael9008,checked,skipped
2026-07-28T09:17:06,miiagrandas,checked,skipped
2026-07-28T09:17:08,miguelkook,checked,skipped
2026-07-28T09:17:11,miguelbr10,checked,skipped
2026-07-28T09:17:13,mida353,checked,skipped
2026-07-28T09:17:15,mickeborg.ultima,checked,skipped
2026-07-28T09:17:18,micke_13,checked,skipped
2026-07-28T09:17:20,micke64k_deaf,checked,skipped
2026-07-28T09:17:23,michiela90,checked,skipped
2026-07-28T09:17:24,michaelsgaybf,checked,skipped
2026-07-28T09:17:27,michaelagronee,checked,skipped
2026-07-28T09:17:29,micaellagerqvist,checked,skipped
2026-07-28T09:17:31,mibi27,checked,skipped
2026-07-28T09:17:34,mia_796x_,checked,skipped
2026-07-28T09:17:36,mhbsquad,checked,skipped
2026-07-28T09:17:38,mharmc,checked,skipped
2026-07-28T09:17:41,mhallborg,checked,skipped
2026-07-28T09:17:44,mguadagnino210,checked,skipped
2026-07-28T09:17:46,mexican_pinoy,checked,skipped
2026-07-28T09:17:48,metalwolfz,checked,skipped
2026-07-28T09:17:50,menstyle.sweden,checked,skipped
2026-07-28T09:17:53,mensphysique.magazine,checked,skipped
2026-07-28T09:17:55,meninomaroto,checked,skipped
2026-07-28T09:17:58,memes1447,checked,skipped
2026-07-28T09:18:00,melvins_barbershop_,checked,skipped
2026-07-28T09:18:02,mellodants,checked,skipped
2026-07-28T09:18:05,melllisa22,checked,skipped
2026-07-28T09:18:08,melkemannen6,checked,skipped
2026-07-28T09:18:10,melanie22k,checked,skipped
2026-07-28T09:18:12,mekonomen_bista,checked,skipped
2026-07-28T09:18:15,mekainc,checked,skipped
2026-07-28T09:18:17,meeshu21,checked,skipped
2026-07-28T09:18:40,mcruisee,checked,skipped
2026-07-28T09:18:42,mcosdale,checked,skipped
2026-07-28T09:18:45,mcmanges,checked,skipped
2026-07-28T09:18:47,mckinleyhighgleeclub,checked,skipped
2026-07-28T09:18:49,mc_callionn,checked,skipped
2026-07-28T09:18:51,mbexiii,checked,skipped
2026-07-28T09:18:54,mberglund_,checked,skipped
2026-07-28T09:18:56,maydayp4rade,checked,skipped
2026-07-28T09:18:59,maxwhh,checked,skipped
2026-07-28T09:19:01,maximirand,checked,skipped
2026-07-28T09:19:04,maximinamarkve,checked,skipped
2026-07-28T09:19:06,maxahlqvist,checked,skipped
2026-07-28T09:19:09,max.simonsen1,checked,skipped
2026-07-28T09:19:11,mauritsdb,checked,skipped
2026-07-28T09:19:14,mattlish,checked,skipped
2026-07-28T09:19:16,mattisdottersundin,checked,skipped
2026-07-28T09:19:18,mattias.mattsson.315,checked,skipped
2026-07-28T09:19:21,mattias.1990,checked,skipped
2026-07-28T09:19:23,matte.almgren,checked,skipped
2026-07-28T09:19:26,mattanhb,checked,skipped
2026-07-28T09:19:28,matt_vazquez92,checked,skipped
2026-07-28T09:19:30,matildich,checked,skipped
2026-07-28T09:19:33,matiasfitnessera,checked,skipped
2026-07-28T09:19:35,matheusthi,checked,skipped
2026-07-28T09:19:38,matheus27r,checked,skipped
2026-07-28T09:19:40,matheuayu,checked,skipped
2026-07-28T09:19:43,masterdebaters1,checked,skipped
2026-07-28T09:19:45,maskrosen77,checked,skipped
2026-07-28T09:19:49,mashalla1,checked,skipped
2026-07-28T09:19:51,marypereirra,checked,skipped
2026-07-28T09:19:53,maryhoranfc,checked,skipped
2026-07-28T09:19:55,martinsamuelsson,checked,skipped
2026-07-28T09:19:58,martin_alexandersson,checked,skipped
2026-07-28T09:20:01,martainvestmentab,checked,skipped
2026-07-28T09:20:03,marrrtinson,checked,skipped
2026-07-28T09:20:06,maroman43,checked,skipped
2026-07-28T09:20:08,marleymalliot,checked,skipped
2026-07-28T09:20:11,markussen75,checked,skipped
2026-07-28T09:20:13,markusp_,checked,skipped
2026-07-28T09:20:16,markusmuskos,checked,skipped
2026-07-28T09:20:18,marispfc_,checked,skipped
2026-07-28T09:20:21,marionmattsson,checked,skipped
2026-07-28T09:20:23,mario.mslbn,checked,skipped
2026-07-28T09:20:26,marinatrew1,checked,skipped
2026-07-28T09:20:28,mariloulamsen,checked,skipped
2026-07-28T09:20:31,marilindja2,checked,skipped
2026-07-28T09:20:33,mariedunberger,checked,skipped
2026-07-28T09:20:35,marie_1945,checked,skipped
2026-07-28T09:20:37,maricella3,checked,skipped
2026-07-28T09:20:40,mariasjoasen,checked,skipped
2026-07-28T09:21:03,mariahtanner,checked,skipped
2026-07-28T09:21:27,mariafitchick,checked,skipped
2026-07-28T09:21:29,mariaeduardajapo,checked,skipped
2026-07-28T09:21:31,mariaceliia,checked,skipped
2026-07-28T09:21:34,mariaannaviktoria,checked,skipped
2026-07-28T09:21:36,mariaanacunha,checked,skipped
2026-07-28T09:21:39,mariaahliiiin,checked,skipped
2026-07-28T09:21:42,maria_haynes_,checked,skipped
2026-07-28T09:21:44,marcusfransson,checked,skipped
2026-07-28T09:21:46,marctheone_,checked,skipped
2026-07-28T09:21:49,marcoreichert,checked,skipped
2026-07-28T09:21:51,marceltyler_33,checked,skipped
2026-07-28T09:21:54,marcellofu,checked,skipped
2026-07-28T09:21:57,marcela_lemoss,checked,skipped
2026-07-28T09:21:59,marc_c_deal,checked,skipped
2026-07-28T09:27:01,maquinhop,checked,skipped
2026-07-28T09:27:03,mapea1973,checked,skipped
2026-07-28T09:27:06,mapaone,checked,skipped
2026-07-28T09:27:08,mapaluann,checked,skipped
2026-07-28T09:27:11,mansahl,checked,skipped
2026-07-28T09:27:13,manoinsta2,checked,skipped
2026-07-28T09:27:16,mandisej,checked,skipped
2026-07-28T09:27:18,malin.kullman,checked,skipped
2026-07-28T09:27:20,malin.isaksson,checked,skipped
2026-07-28T09:27:23,malek_abu_anes,checked,skipped
2026-07-28T09:27:25,maklare_lars_olsson,checked,skipped
2026-07-28T09:27:27,makeupandbraids,checked,skipped
2026-07-28T09:27:29,majorstatusgeno,checked,skipped
2026-07-28T09:27:32,majed777q8,checked,skipped
2026-07-28T09:27:34,maiwandkalam,checked,skipped
2026-07-28T09:27:37,maistro_1,checked,skipped
2026-07-28T09:27:39,maib69,checked,skipped
2026-07-28T09:27:41,mahdisafia,checked,skipped
2026-07-28T09:27:44,magnuslunander,checked,skipped
2026-07-28T09:27:47,magnus_nederman,checked,skipped
2026-07-28T09:27:50,magnus_mer,checked,skipped
2026-07-28T09:27:52,magnus_a_claesson_,checked,skipped
2026-07-28T09:27:55,magnus.holm.378,checked,skipped
2026-07-28T09:27:58,madickensdb,checked,skipped
2026-07-28T09:28:00,madeleinespangberg,checked,skipped
2026-07-28T09:28:02,madeleinejacobsson,checked,skipped
2026-07-28T09:28:05,maddde82,checked,skipped
2026-07-28T09:28:08,macuda_matata,checked,skipped
2026-07-28T09:28:10,mackeee00,checked,skipped
2026-07-28T09:28:14,ma7mo0o0od,checked,checked
2026-07-28T09:28:17,m_bergsten,checked,skipped
2026-07-28T09:28:21,m4dzlolz,checked,checked
2026-07-28T09:28:24,lylucas,checked,skipped
2026-07-28T09:28:26,luzeruss,checked,skipped
2026-07-28T09:28:31,luxurylife123,checked,checked
2026-07-28T09:28:34,luvmy_jays21,checked,checked
2026-07-28T09:28:38,luvejulieta,checked,checked
2026-07-28T09:28:41,lunganfredde,checked,skipped
2026-07-28T09:28:44,lundinerikaa,checked,skipped
2026-07-28T09:28:48,lulible,checked,checked
2026-07-28T09:28:51,lukasrooos,checked,skipped
2026-07-28T09:28:55,luishoe35,checked,checked
2026-07-28T09:29:00,lufaxi00,checked,checked
2026-07-28T09:29:02,lucyburton69,checked,skipped
2026-07-28T09:29:06,lucianinhakk,checked,checked
2026-07-28T09:29:08,lucholual,checked,skipped
2026-07-28T09:29:12,lucassslimaa,checked,checked
2026-07-28T09:29:15,lucaspyg,checked,skipped
2026-07-28T09:29:19,lucaschaveseu,checked,checked
2026-07-28T09:29:23,lucas_eduardoo,checked,checked
2026-07-28T09:29:26,lucas.hahl,checked,skipped
2026-07-28T09:29:31,luca554,checked,checked
2026-07-28T09:29:33,lubak2001,checked,skipped
2026-07-28T09:29:38,luanateves,checked,checked
2026-07-28T09:29:42,loyalkat21,checked,checked
2026-07-28T09:29:44,lovisanoler,checked,skipped
2026-07-28T09:29:47,loviedubby,checked,skipped
2026-07-28T09:29:52,lovesosssaaaaa,checked,checked
2026-07-28T09:29:54,lovergirlxoxoxo,checked,skipped
2026-07-28T09:29:58,lovepizzaxo,checked,checked
2026-07-28T09:30:01,lovemefashions,checked,skipped
2026-07-28T09:30:05,lovelyy49,checked,checked
2026-07-28T09:30:09,lovekhosxa,checked,checked
2026-07-28T09:30:13,loveinmoda,checked,checked
2026-07-28T09:30:18,loucojarar,checked,checked
2026-07-28T09:30:21,lotsomeows,checked,skipped
2026-07-28T09:30:25,lostdan123,checked,checked
2026-07-28T09:30:29,lordbieberr,checked,checked
2026-07-28T09:30:33,look_random,checked,checked
2026-07-28T09:30:36,longdong20cm,checked,skipped
2026-07-28T09:30:39,londontape,checked,checked
2026-07-28T09:30:42,londahyme,checked,skipped
2026-07-28T09:30:47,lonaded,checked,checked
2026-07-28T09:30:51,lollypopman321,checked,checked
2026-07-28T09:30:55,lolkid2k4,checked,checked
2026-07-28T09:31:00,lolita_lolita123,checked,checked
2026-07-28T09:31:03,lolhoodlove,checked,checked
2026-07-28T09:31:08,lolawood2,checked,checked
2026-07-28T09:31:10,lokalbelysning.se,checked,skipped
2026-07-28T09:31:12,loharhemraj,checked,skipped
2026-07-28T09:31:15,lodiz2,checked,skipped
2026-07-28T09:31:17,lodesj0,checked,skipped
2026-07-28T09:31:20,localboi_808,checked,skipped
2026-07-28T09:31:24,lngemarsdotter,checked,checked
2026-07-28T09:31:28,lndnest,checked,checked
2026-07-28T09:31:31,ln_tattoo_vasteras,checked,skipped
2026-07-28T09:31:33,lloydarceo,checked,skipped
2026-07-28T09:31:36,lkjass,checked,skipped
2026-07-28T09:31:40,lizrares,checked,checked
2026-07-28T09:31:45,livluvasap,checked,checked
2026-07-28T09:31:49,livelife_97,checked,checked
2026-07-28T09:31:52,liv_maree,checked,skipped
2026-07-28T09:31:56,littlepompier,checked,checked
2026-07-28T09:31:59,lismara17,checked,skipped
2026-07-28T09:32:02,lisaheerbb,checked,skipped
2026-07-28T09:32:04,linusmogrens,checked,skipped
2026-07-28T09:32:06,linusmogrenprivat,checked,skipped
2026-07-28T09:32:09,linushjalmarsson,checked,skipped
2026-07-28T09:32:11,linusdalin_,checked,skipped
2026-07-28T09:32:13,linus_wilsonn,checked,skipped
2026-07-28T09:32:16,linus_tha_virus,checked,skipped
2026-07-28T09:32:19,linsyj,checked,skipped
2026-07-28T09:32:21,linnmarkussen,checked,skipped
2026-07-28T09:32:24,linniers,checked,skipped
2026-07-28T09:32:26,linniehliar,checked,skipped
2026-07-28T09:32:28,linnfridacarlsson,checked,skipped
2026-07-28T09:32:30,linnerathon,checked,skipped
2026-07-28T09:32:32,linneahenrikssonnn,checked,skipped
2026-07-28T09:32:35,lindberghmarieberg,checked,skipped
2026-07-28T09:32:38,lindarymal,checked,skipped
2026-07-28T09:32:43,lindajoanaisadora,checked,checked
2026-07-28T09:32:45,linda.flod,checked,skipped
2026-07-28T09:32:48,linastromberg1,checked,skipped
2026-07-28T09:32:53,lilwayne_thebest,checked,checked
2026-07-28T09:32:57,lili702,checked,checked
2026-07-28T09:33:01,lildee_11,checked,checked
2026-07-28T09:33:05,likeitupnow12,checked,checked
2026-07-28T09:33:10,like_curti10,checked,checked
2026-07-28T09:33:12,life_of_jonas,checked,skipped
2026-07-28T09:33:14,lierose02,checked,skipped
2026-07-28T09:33:16,liem_nio,checked,skipped
2026-07-28T09:33:19,lexie_sabrina,checked,skipped
2026-07-28T09:33:24,lexi_baby_94,checked,checked
2026-07-28T09:33:26,leovasconcello,checked,skipped
2026-07-28T09:33:28,leonardozsilvaz,checked,skipped
2026-07-28T09:33:33,leogostoso54,checked,checked
2026-07-28T09:33:36,leoalz,checked,skipped
2026-07-28T09:33:38,leo_perss0n1,checked,skipped
2026-07-28T09:33:40,leo.persson00,checked,skipped
2026-07-28T09:33:45,lela_lulipa,checked,checked
2026-07-28T09:33:47,leifmasterrenling,checked,skipped
2026-07-28T09:33:51,leewangelus,checked,checked
2026-07-28T09:33:55,lebron_111,checked,checked
2026-07-28T09:33:58,lchatrine,checked,skipped
2026-07-28T09:34:01,lawson942,checked,skipped
2026-07-28T09:34:03,law1sjj,checked,skipped
2026-07-28T09:34:06,lavishbre_,checked,skipped
2026-07-28T09:34:10,lavingf4f,checked,checked
2026-07-28T09:34:15,laurluvsu,checked,checked
2026-07-28T09:34:18,laurbett,checked,skipped
2026-07-28T09:34:20,lauraemill,checked,skipped
2026-07-28T09:34:25,latawiec22,checked,checked
2026-07-28T09:34:28,larssonlina,checked,skipped
2026-07-28T09:34:30,larssahill,checked,skipped
2026-07-28T09:34:32,larsliljestrom,checked,skipped
2026-07-28T09:34:35,larsilarsi,checked,skipped
2026-07-28T09:34:37,lari45655,checked,skipped
2026-07-28T09:34:40,laquan_redmon,checked,skipped
2026-07-28T09:34:44,lannafann,checked,checked
2026-07-28T09:34:46,lanceromanceee,checked,skipped
2026-07-28T09:34:51,lana977,checked,checked
2026-07-28T09:34:56,lamp62,checked,checked
2026-07-28T09:34:58,lamargranton,checked,skipped
2026-07-28T09:35:00,lalosnana,checked,skipped
2026-07-28T09:35:03,lajnus87,checked,skipped
2026-07-28T09:35:08,laith9090,checked,checked
2026-07-28T09:35:10,ladylina12,checked,skipped
2026-07-28T09:35:13,ladiramirez,checked,skipped
2026-07-28T09:35:15,labbkliniken,checked,skipped
2026-07-28T09:35:18,labbetass1,checked,skipped
2026-07-28T09:35:21,l1llyz,checked,skipped
2026-07-28T09:35:23,kykyky_zelenski,checked,skipped
2026-07-28T09:35:25,kyarakarina_19,checked,skipped
2026-07-28T09:35:28,kvillhammar,checked,skipped
2026-07-28T09:35:31,kurttiophilip,checked,skipped
2026-07-28T09:35:33,ksnavalsk,checked,skipped
2026-07-28T09:35:35,krzysztofbusek,checked,skipped
2026-07-28T09:35:40,krossfaze,checked,checked
2026-07-28T09:35:42,kristoffernilssn,checked,skipped
2026-07-28T09:35:44,kristiankmg,checked,skipped
2026-07-28T09:35:47,kristian_pine,checked,skipped
2026-07-28T09:35:49,kriis101,checked,skipped
2026-07-28T09:35:52,kpie7,checked,skipped
2026-07-28T09:35:55,kotahoodfitness,checked,skipped
2026-07-28T09:35:59,kobokokryme,checked,checked
2026-07-28T09:36:03,knoxy_101,checked,checked
2026-07-28T09:36:06,kmgsweden,checked,skipped
2026-07-28T09:36:08,klunkeadam,checked,skipped
2026-07-28T09:36:12,klezer01,checked,checked
2026-07-28T09:36:15,kjellstom2009,checked,skipped
2026-07-28T09:36:17,kjellgrans,checked,skipped
2026-07-28T09:36:22,kizz_f,checked,checked
2026-07-28T09:36:25,kitkitli,checked,checked
2026-07-28T09:36:30,kissmylikeshoes,checked,checked
2026-07-28T09:36:32,kingfritzz,checked,skipped
2026-07-28T09:36:35,kimwellh,checked,skipped
2026-07-28T09:36:37,kimisimonsen,checked,skipped
2026-07-28T09:36:39,kimarodenis,checked,skipped
2026-07-28T09:36:44,kim6875,checked,checked
2026-07-28T09:36:46,killvibes,checked,skipped
2026-07-28T09:36:50,killthe_slowly,checked,checked
2026-07-28T09:36:53,kieranrock2,checked,skipped
2026-07-28T09:36:57,kibblerj100,checked,checked
2026-07-28T09:36:59,khaled_yassin89,checked,skipped
2026-07-28T09:37:23,keycalhoun,checked,skipped
2026-07-28T09:37:25,kevinswife518,checked,skipped
2026-07-28T09:37:29,kevin_lol423,checked,skipped
2026-07-28T09:37:32,keviiino0.b,checked,skipped
2026-07-28T09:37:35,kettlestronk,checked,skipped
2026-07-28T09:37:37,kerryanne_w_parsons,checked,skipped
2026-07-28T09:37:39,kerleysuue,checked,skipped
2026-07-28T09:37:42,kepmovin,checked,skipped
2026-07-28T09:37:45,keoagile_segapo,checked,skipped
2026-07-28T09:37:49,kenwon_20,checked,checked
2026-07-28T09:37:51,kenta_the_man,checked,skipped
2026-07-28T09:37:54,kennan53,checked,skipped
2026-07-28T09:37:58,kendallkurt,checked,checked
2026-07-28T09:38:02,kenadams123,checked,checked
2026-07-28T09:38:06,kefa01,checked,checked
2026-07-28T09:38:08,kdmehra,checked,skipped
2026-07-28T09:38:13,kdenyolol,checked,checked
2026-07-28T09:38:17,kaylasdiaryxo,checked,checked
2026-07-28T09:38:19,katymarrone1,checked,skipped
2026-07-28T09:38:22,katten113,checked,skipped
2026-07-28T09:38:26,katrinewaaland,checked,skipped
2026-07-28T09:38:30,katelynnwoodsz,checked,checked
2026-07-28T09:38:32,kate_ben4,checked,skipped
2026-07-28T09:38:36,kasoldatova,checked,checked
2026-07-28T09:38:40,karolinahaha_,checked,checked
2026-07-28T09:38:44,karmenzzinha,checked,checked
2026-07-28T09:38:47,karlstromp,checked,skipped
2026-07-28T09:38:52,kamran_ali123,checked,checked
2026-07-28T09:38:54,kalra73,checked,skipped
2026-07-28T09:38:57,kajehail10,checked,skipped
2026-07-28T09:39:01,kaitlyn_thatsit,checked,checked
2026-07-28T09:39:04,kaftenbara,checked,skipped
2026-07-28T09:39:06,kadiffen,checked,skipped
2026-07-28T09:39:12,kaahqui,checked,checked
2026-07-28T09:39:16,k_a_t_e_elizabeth,checked,checked
2026-07-28T09:39:20,k8tyged,checked,skipped
2026-07-28T09:39:22,jyrlund,checked,skipped
2026-07-28T09:39:27,jwarts,checked,checked
2026-07-28T09:39:30,jwanjura,checked,skipped
2026-07-28T09:39:35,justinmarud,checked,checked
2026-07-28T09:39:37,justddaiana,checked,skipped
2026-07-28T09:39:40,jussarasss,checked,skipped
2026-07-28T09:39:42,junmartin24,checked,skipped
2026-07-28T09:39:46,junioralvarezr,checked,checked
2026-07-28T09:39:49,jullelindfors,checked,skipped
2026-07-28T09:39:52,julinhafg,checked,skipped
2026-07-28T09:39:54,julianninhafreitas,checked,skipped
2026-07-28T09:39:59,julianamaccc,checked,checked
2026-07-28T09:40:01,julia_faco,checked,skipped
2026-07-28T09:40:04,julia_erikssonn,checked,skipped
2026-07-28T09:40:09,julesandmartians,checked,checked
2026-07-28T09:40:11,jujumpds,checked,skipped
2026-07-28T09:40:16,juicy470,checked,checked
2026-07-28T09:40:19,jstrrandberg,checked,skipped
2026-07-28T09:40:23,jskhdnc,checked,checked
2026-07-28T09:40:26,jrandon28,checked,skipped
2026-07-28T09:40:30,jotareles,checked,checked
2026-07-28T09:40:34,joshnos345,checked,checked
2026-07-28T09:40:37,joshmalk,checked,skipped
2026-07-28T09:40:40,joshhcraazy,checked,skipped
2026-07-28T09:40:43,joshaawahhhhh,checked,checked
2026-07-28T09:40:46,josephtekie,checked,skipped
2026-07-28T09:40:50,josefinjossanpersson,checked,skipped
2026-07-28T09:40:53,josedeen18,checked,skipped
2026-07-28T09:40:56,jorisdevrede,checked,skipped
2026-07-28T09:41:00,jorgensen.94,checked,skipped
2026-07-28T09:41:23,jordgubben77,checked,skipped
2026-07-28T09:41:27,jordanswwag,checked,checked
2026-07-28T09:41:32,jordans4jays,checked,checked
2026-07-28T09:41:34,jontz3,checked,skipped
2026-07-28T09:41:39,jonnytheg,checked,checked
2026-07-28T09:41:43,jonnyfakee,checked,checked
2026-07-28T09:41:49,jonnyeriksson89,checked,skipped
2026-07-28T09:41:52,jonnaholgersson,checked,skipped
2026-07-28T09:41:55,jonasohlson.se,checked,skipped
2026-07-28T09:41:57,jonaslivros,checked,skipped
2026-07-28T09:41:59,jonashahl,checked,skipped
2026-07-28T09:42:02,jonas_bola,checked,skipped
2026-07-28T09:42:04,jonandersaltvedtfanclub,checked,skipped
2026-07-28T09:42:06,jolie123x,checked,skipped
2026-07-28T09:42:09,jokar_kw,checked,skipped
2026-07-28T09:42:11,jojolanoix,checked,skipped
2026-07-28T09:42:14,joints4lyfe,checked,checked
2026-07-28T09:42:18,johnwedin28,checked,checked
2026-07-28T09:42:20,johnreberreed,checked,skipped
2026-07-28T09:42:23,johnnyriberg,checked,skipped
2026-07-28T09:42:27,johnnygrandin,checked,checked
2026-07-28T09:42:30,johnmaterson,checked,skipped
2026-07-28T09:42:32,johngrrvious,checked,skipped
2026-07-28T09:42:35,johnburn12,checked,skipped
2026-07-28T09:42:37,john_paul_17,checked,skipped
2026-07-28T09:42:42,john_lucas123,checked,checked
2026-07-28T09:42:48,john_deer666,checked,checked
2026-07-28T09:42:51,johanssonseebastian,checked,skipped
2026-07-28T09:42:53,johanlennartsson,checked,skipped
2026-07-28T09:42:56,johanekrot,checked,skipped
2026-07-28T09:42:58,johanbader,checked,skipped
2026-07-28T09:43:01,johan_rydstrom,checked,skipped
2026-07-28T09:43:04,johan_otterstrom,checked,skipped
2026-07-28T09:43:06,johan_lundinfit,checked,skipped
2026-07-28T09:43:08,johan.borjesson.359,checked,skipped
2026-07-28T09:43:12,joeyjacked,checked,checked
2026-07-28T09:43:14,joel_krigh,checked,skipped
2026-07-28T09:43:16,jockehem87,checked,skipped
2026-07-28T09:43:18,jocke_hven,checked,skipped
2026-07-28T09:43:23,joaovxx,checked,checked
2026-07-28T09:43:26,joaocardoso13,checked,checked
2026-07-28T09:43:30,joao_pedromkl,checked,checked
2026-07-28T09:43:33,joanascarolinas,checked,skipped
2026-07-28T09:43:35,joakimlinell,checked,skipped
2026-07-28T09:43:37,joakim__larsson,checked,skipped
2026-07-28T09:43:41,jniles_daily,checked,checked
2026-07-28T09:43:43,jnhorton81,checked,skipped
2026-07-28T09:43:46,jkleveback,checked,skipped
2026-07-28T09:43:49,jjulialopes,checked,checked
2026-07-28T09:43:53,jjpelger,checked,skipped
2026-07-28T09:43:55,jjempaeriksson,checked,skipped
2026-07-28T09:57:06,jariesh1547,checked,skipped
2026-07-28T09:57:09,jarecalt,checked,skipped
2026-07-28T09:57:12,janoybrah,checked,skipped
2026-07-28T09:57:15,janjahus,checked,skipped
2026-07-28T09:57:18,janbucekphotography,checked,skipped
2026-07-28T09:57:22,janaameello,checked,checked
2026-07-28T09:57:24,jan_tana_international,checked,skipped
2026-07-28T09:57:27,jamesclinton_,checked,skipped
2026-07-28T09:57:33,jamaraso,checked,checked
2026-07-28T09:57:36,jalanbyers,checked,skipped
2026-07-28T09:57:38,jalal_mohammed_,checked,skipped
2026-07-28T09:57:41,jakobtybell,checked,skipped
2026-07-28T09:57:45,jakobgalord,checked,checked
2026-07-28T09:57:50,jakereckless,checked,checked
2026-07-28T09:57:55,jakegivemelikes,checked,checked
2026-07-28T09:57:59,jagharviljan.se,checked,checked
2026-07-28T09:58:02,jaggillarplopp,checked,skipped
2026-07-28T09:58:04,jacobsonola,checked,skipped
2026-07-28T09:58:09,jacobismylove,checked,checked
2026-07-28T09:58:11,jacobbabe12,checked,skipped
2026-07-28T09:58:16,jackinthexbox,checked,checked
2026-07-28T09:58:18,jackiesaveme,checked,skipped
2026-07-28T09:58:21,jackiej20,checked,skipped
2026-07-28T09:58:24,jack_mazou,checked,skipped
2026-07-28T09:58:29,izzy_perez2,checked,checked
2026-07-28T09:58:31,izza4ever,checked,skipped
2026-07-28T09:58:36,iyizuz,checked,checked
2026-07-28T09:58:39,iyannahope,checked,skipped
2026-07-28T09:58:42,ivybar.orebro,checked,skipped
2026-07-28T09:58:46,itzcrew,checked,checked
2026-07-28T09:58:50,itsv3n,checked,checked
2026-07-28T09:58:55,itsscarlet111,checked,checked
2026-07-28T09:58:59,itsmehaters,checked,checked
2026-07-28T09:59:04,itextfailures,checked,checked
2026-07-28T09:59:08,italodemartino2,checked,checked
2026-07-28T09:59:13,italayde,checked,checked
2026-07-28T09:59:38,ishoutuout2k13,checked,checked
2026-07-28T09:59:40,isainstavak45,checked,skipped
2026-07-28T09:59:43,isadorabc1,checked,skipped
2026-07-28T09:59:46,isabellaelvgrip,checked,skipped
2026-07-28T09:59:48,irvy_2_swag,checked,skipped
2026-07-28T09:59:52,irvinenic,checked,skipped
2026-07-28T09:59:55,ironlink,checked,skipped
2026-07-28T09:59:58,inztaman,checked,skipped
2026-07-28T10:00:00,intelligent.thrills,checked,skipped
2026-07-28T10:00:03,int_tyumen,checked,skipped
2026-07-28T10:00:07,instatwentyseven27,checked,checked
2026-07-28T10:00:12,instatestador,checked,checked
2026-07-28T10:05:15,instalu015,checked,skipped
2026-07-28T10:05:19,instalirious,checked,checked
2026-07-28T10:05:24,instagram_adminz,checked,checked
2026-07-28T10:05:28,instafodasse,checked,checked
2026-07-28T10:05:33,instafalso3,checked,checked
2026-07-28T10:05:37,instacoliriosoficial,checked,checked
2026-07-28T10:05:40,inspiredbydave,checked,skipped
2026-07-28T10:05:42,inspirationmotivationlove,checked,skipped
2026-07-28T10:05:45,inistay,checked,skipped
2026-07-28T10:05:47,ingentjockis,checked,skipped
2026-07-28T10:05:52,imnotrealimalien,checked,checked
2026-07-28T10:05:54,imjustayden,checked,skipped
2026-07-28T10:05:58,imafirestarted,checked,checked
2026-07-28T10:06:03,im_young911,checked,checked
2026-07-28T10:06:07,iloveyousomuch_20,checked,checked
2026-07-28T10:06:12,ilovemyhaters4,checked,checked
2026-07-28T10:06:16,ilovegod_ilovegod,checked,checked
2026-07-28T10:06:20,ilovecatsandbirds,checked,checked
2026-07-28T10:06:24,ilikethegreens1,checked,skipped
2026-07-28T10:06:27,ihtyinfruif,checked,skipped
2026-07-28T10:06:30,ihavetotellit,checked,skipped
2026-07-28T10:06:32,ihateblee,checked,skipped
2026-07-28T10:06:35,ihaceaclue,checked,skipped
2026-07-28T10:06:39,igh4cks,checked,checked
2026-07-28T10:06:44,ifmtts2,checked,checked
2026-07-28T10:06:48,ieuanml,checked,checked
2026-07-28T10:06:51,iemman,checked,skipped
2026-07-28T10:06:55,idkrand0m,checked,checked
2026-07-28T10:06:58,ibbe1987,checked,skipped
2026-07-28T10:07:00,ib_az_,checked,skipped
2026-07-28T10:07:03,iantheswagger,checked,skipped
2026-07-28T10:07:06,ianjwych,checked,skipped
2026-07-28T10:07:10,iamthemoon2,checked,checked
2026-07-28T10:07:14,iamrawww07,checked,checked
2026-07-28T10:07:19,iammimi98,checked,checked
2026-07-28T10:07:42,i_form_efter50,checked,skipped
2026-07-28T10:07:47,huzzexzo,checked,checked
2026-07-28T10:07:51,humfake,checked,checked
2026-07-28T10:07:54,hulkstore.se,checked,skipped
2026-07-28T10:07:57,hugopassos_,checked,skipped
2026-07-28T10:08:01,hskavrb,checked,checked
2026-07-28T10:08:04,hsjsjk,checked,skipped
2026-07-28T10:08:08,hot_or_hit,checked,checked
2026-07-28T10:08:12,hootpunk,checked,checked
2026-07-28T10:08:16,hoopiebruh,checked,checked
2026-07-28T10:08:21,homoeuf,checked,checked
2026-07-28T10:08:25,homeblitz,checked,checked
2026-07-28T10:08:30,holy_moly_,checked,checked
2026-07-28T10:08:34,holo_g,checked,checked
2026-07-28T10:08:37,holma74,checked,skipped
2026-07-28T10:08:40,hofgren73,checked,skipped
2026-07-28T10:08:43,hockey_lovez,checked,skipped
2026-07-28T10:08:46,hiwakazzaz,checked,skipped
2026-07-28T10:08:50,hishamhamdimohamed,checked,skipped
2026-07-28T10:08:53,hirmak,checked,skipped
2026-07-28T10:08:57,hipstahyou,checked,checked
2026-07-28T10:09:23,hijoehi,checked,checked
2026-07-28T10:09:27,hijablogger,checked,checked
2026-07-28T10:09:30,hiimdanny12,checked,skipped
2026-07-28T10:09:35,hiigizaa,checked,checked
2026-07-28T10:09:37,hihihihino,checked,skipped
2026-07-28T10:09:42,hiboob3,checked,checked
2026-07-28T10:09:47,hi_there_nn,checked,checked
2026-07-28T10:09:51,hi_its_yobitxh,checked,checked
2026-07-28T10:09:55,heyjulieoo,checked,checked
2026-07-28T10:10:00,heyjoeyimtom,checked,checked
2026-07-28T10:10:04,hey123hello,checked,checked
2026-07-28T10:10:07,herrnilsson85,checked,skipped
2026-07-28T10:10:09,heroeson,checked,skipped
2026-07-28T10:10:12,henrikssonmalin,checked,skipped
2026-07-28T10:10:15,henriklindh81,checked,skipped
2026-07-28T10:10:17,henrikhah,checked,skipped
2026-07-28T10:10:20,henrikbjurstrom,checked,skipped
2026-07-28T10:10:23,henrik_olofsson79,checked,skipped
2026-07-28T10:10:25,henriikanderssonn,checked,skipped
2026-07-28T10:10:28,henriclillebrorblomkvist,checked,skipped
2026-07-28T10:10:33,henkvanhal,checked,checked
2026-07-28T10:10:35,helmfridsson,checked,skipped
2026-07-28T10:10:40,helluvag,checked,checked
2026-07-28T10:10:42,hello_qiej123,checked,skipped
2026-07-28T10:10:47,hello5378,checked,checked
2026-07-28T10:10:50,hello1700,checked,skipped
2026-07-28T10:10:54,hellaaaron,checked,checked
2026-07-28T10:10:58,helenehveding,checked,skipped
2026-07-28T10:11:00,helenatikkanen,checked,skipped
2026-07-28T10:11:03,heldereduardosilva,checked,skipped
2026-07-28T10:11:06,helanena,checked,skipped
2026-07-28T10:11:09,heinzmaier1,checked,skipped
2026-07-28T10:11:14,hehe_ni,checked,checked
2026-07-28T10:11:18,hector_morua,checked,checked
2026-07-28T10:11:22,heatherlynlawrence,checked,checked
2026-07-28T10:11:25,healthyfoodgram,checked,skipped
2026-07-28T10:11:28,healthyfitnessnutrition,checked,skipped
2026-07-28T10:11:30,healthby.ik,checked,skipped
2026-07-28T10:11:33,headtail__,checked,skipped
2026-07-28T10:11:35,he_n_rik,checked,skipped
2026-07-28T10:11:40,hbsargenian,checked,checked
2026-07-28T10:11:42,hbn949,checked,skipped
2026-07-28T10:11:46,hazza208,checked,checked
2026-07-28T10:11:51,haziqbobii,checked,checked
2026-07-28T10:11:53,hawken87,checked,skipped
2026-07-28T10:11:58,hasibasi123,checked,checked
2026-07-28T10:12:01,hasan0121,checked,skipped
2026-07-28T10:12:04,harrysorebro,checked,skipped
2026-07-28T10:12:06,harry_potterheads,checked,skipped
2026-07-28T10:12:30,happytraveling,checked,skipped
2026-07-28T10:12:33,happy_fatou,checked,skipped
2026-07-28T10:12:35,hanton1,checked,skipped
2026-07-28T10:12:39,hansenluff,checked,skipped
2026-07-28T10:12:41,hannecb,checked,skipped
2026-07-28T10:12:44,hannahlarsson90,checked,skipped
2026-07-28T10:12:47,hannabrandel,checked,skipped
2026-07-28T10:12:49,hanger18.hro,checked,skipped
2026-07-28T10:12:54,handbollsleo,checked,checked
2026-07-28T10:12:57,handberg76,checked,skipped
2026-07-28T10:12:59,hammahdaht,checked,skipped
2026-07-28T10:13:02,hamdoseljak,checked,skipped
2026-07-28T10:13:06,halobob98,checked,checked
2026-07-28T10:13:09,hallomotto,checked,skipped
2026-07-28T10:13:12,halldion,checked,skipped
2026-07-28T10:13:16,hallaskalla,checked,checked
2026-07-28T10:13:20,hagamurf,checked,checked
2026-07-28T10:13:25,haffarenlukas,checked,checked
2026-07-28T10:13:27,gymterapeuten,checked,skipped
2026-07-28T10:13:30,gymshare.cz,checked,skipped
2026-07-28T10:13:33,gyminspiration.se,checked,skipped
2026-07-28T10:13:35,gymhuset24,checked,skipped
2026-07-28T10:13:38,gyllberg,checked,skipped
2026-07-28T10:13:43,gustavimf,checked,checked
2026-07-28T10:13:46,gustaveklund,checked,skipped
2026-07-28T10:13:48,gustafsjolinder,checked,skipped
2026-07-28T10:13:51,gunnersrunners,checked,skipped
2026-07-28T10:13:55,guintocarlos,checked,checked
2026-07-28T10:14:00,guap514,checked,checked
2026-07-28T10:14:04,groupsixx,checked,checked
2026-07-28T10:14:07,groundingessentialsshop,checked,skipped
2026-07-28T10:14:12,gromkikis,checked,checked
2026-07-28T10:14:17,greggyo30,checked,checked
2026-07-28T10:14:19,gregerpersson1,checked,skipped
2026-07-28T10:14:23,greg_shut,checked,checked
2026-07-28T10:14:26,greg_anderson70,checked,skipped
2026-07-28T10:14:30,greenv54,checked,checked
2026-07-28T10:14:35,greenfake__,checked,checked
2026-07-28T10:14:39,gramnaria,checked,checked
2026-07-28T10:14:43,grammen2,checked,checked
2026-07-28T10:14:47,grafiati,checked,checked
2026-07-28T10:14:50,gprincesssophiadiana,checked,skipped
2026-07-28T10:14:53,goranbjorkegren,checked,skipped
2026-07-28T10:14:56,goncalo1batista,checked,skipped
2026-07-28T10:14:58,goldenathleteumea,checked,skipped
2026-07-28T10:15:02,gold.fingerbarber,checked,skipped
2026-07-28T10:15:04,gol_pesar314,checked,skipped
2026-07-28T10:15:08,gogurtz,checked,checked
2026-07-28T10:15:13,go.well.se,checked,skipped
2026-07-28T10:15:15,glynnebc,checked,skipped
2026-07-28T10:15:21,gleek_nerd,checked,checked
2026-07-28T10:15:26,glee4temporada,checked,checked
2026-07-28T10:15:29,glanzovic,checked,skipped
2026-07-28T10:15:32,girlonfire12h,checked,skipped
2026-07-28T10:15:35,giovanna_xxx,checked,skipped
2026-07-28T10:15:38,gio.vargast,checked,skipped
2026-07-28T10:15:41,ginastil,checked,skipped
2026-07-28T10:15:45,gimgim228,checked,checked
2026-07-28T10:15:49,gigisele,checked,checked
2026-07-28T10:15:52,gian101790,checked,skipped
2026-07-28T10:15:56,ggetmor,checked,checked
2026-07-28T10:16:00,ggdelacruz_54,checked,checked
2026-07-28T10:16:04,germer_81,checked,skipped
2026-07-28T10:16:06,gerelius,checked,skipped
2026-07-28T10:16:09,georgiawebb44,checked,skipped
2026-07-28T10:16:12,geoffarcher01,checked,skipped
2026-07-28T10:16:14,genbergjohanna,checked,skipped
2026-07-28T10:16:17,geeroro,checked,skipped
2026-07-28T10:16:20,geelongrep,checked,skipped
2026-07-28T10:16:22,geehinsta,checked,skipped
2026-07-28T10:16:25,gedosameh,checked,skipped
2026-07-28T10:16:28,gdacom,checked,skipped
2026-07-28T10:16:31,gayelki,checked,skipped
2026-07-28T10:16:33,gavelo_official,checked,skipped
2026-07-28T10:16:36,gatakaty,checked,skipped
2026-07-28T10:16:39,gasoma1,checked,skipped
2026-07-28T10:16:41,garyddp,checked,skipped
2026-07-28T10:16:44,garotalinda02,checked,skipped
2026-07-28T10:16:48,gamble_aesthetics,checked,skipped
2026-07-28T10:16:51,gama224,checked,skipped
2026-07-28T10:16:53,gabrieltello6,checked,skipped
2026-07-28T10:16:56,gabrielett_ss,checked,skipped
2026-07-28T10:16:59,gabriel_juan1,checked,skipped
2026-07-28T10:17:01,gabicardosso,checked,skipped
2026-07-28T10:17:04,funny_guy_awesome_pics,checked,skipped
2026-07-28T10:17:06,fun_pics143,checked,skipped
2026-07-28T10:17:09,fukyoposts,checked,skipped
2026-07-28T10:17:12,fspiration,checked,skipped
2026-07-28T10:17:14,frusomeromeijer,checked,skipped
2026-07-28T10:17:17,fruppek,checked,skipped
2026-07-28T10:17:20,frufritzz,checked,skipped
2026-07-28T10:17:22,fru_skogholm,checked,skipped
2026-07-28T10:17:25,frootloopbabys,checked,skipped
2026-07-28T10:17:28,froody18,checked,skipped
2026-07-28T10:17:30,frokenelern,checked,skipped
2026-07-28T10:17:33,frokenagren,checked,skipped
2026-07-28T10:17:37,fridapersso,checked,skipped
2026-07-28T10:17:40,fridanordh,checked,skipped
2026-07-28T10:17:43,fridaisraelsson,checked,skipped
2026-07-28T10:17:45,frick.you,checked,skipped
2026-07-28T10:17:48,freshcutts01,checked,skipped
2026-07-28T10:17:51,fresh9118,checked,skipped
2026-07-28T10:17:54,fredrikwulff,checked,skipped
2026-07-28T10:17:56,fredrikolofgunnar,checked,skipped
2026-07-28T10:17:59,fredrikboson,checked,skipped
2026-07-28T10:18:02,fredrik.vilen,checked,skipped
2026-07-28T10:18:05,fredhellgren,checked,skipped
2026-07-28T10:18:08,freddyradberg,checked,skipped
2026-07-28T10:18:11,freddiewilhelmm,checked,skipped
2026-07-28T10:18:13,freddeanderssonn,checked,skipped
2026-07-28T10:18:16,frantelli,checked,skipped
2026-07-28T10:18:19,frankesson,checked,skipped
2026-07-28T10:18:21,fraizer82,checked,skipped
2026-07-28T10:18:24,fraichor,checked,skipped
2026-07-28T10:18:26,fotograf_danlindberg,checked,skipped
2026-07-28T10:18:29,forever_old99,checked,skipped
2026-07-28T10:18:32,foodielove408,checked,skipped
2026-07-28T10:18:34,food12344,checked,skipped
2026-07-28T10:18:37,flisali,checked,skipped
2026-07-28T10:18:40,flight_23gm,checked,skipped
2026-07-28T10:18:42,flawlesshypocrite69,checked,skipped
2026-07-28T10:18:45,flandrick7,checked,skipped
2026-07-28T10:18:48,fkaukonen,checked,skipped
2026-07-28T10:18:50,fixaformen,checked,skipped
2026-07-28T10:18:53,fitnesstorget,checked,skipped
2026-07-28T10:18:56,fitnessto2,checked,skipped
2026-07-28T10:18:58,fitnessrichard,checked,skipped
2026-07-28T10:19:01,fitnesshealthforlife,checked,skipped
2026-07-28T10:19:04,fitnessgirl44,checked,skipped
2026-07-28T10:19:07,fitnessfirstorebro,checked,skipped
2026-07-28T10:19:09,fitnessclub_sundbyberg,checked,skipped
2026-07-28T10:19:12,fitnessbrotherss,checked,skipped
2026-07-28T10:19:15,fitness_philip,checked,skipped
2026-07-28T10:19:17,fitness_nr1,checked,skipped
2026-07-28T10:19:20,fitdadrudy,checked,skipped
2026-07-28T10:19:23,fishyswimmy,checked,skipped
2026-07-28T10:19:26,firasrikabi,checked,skipped
2026-07-28T10:19:29,fina75,checked,skipped
2026-07-28T10:19:31,filippamolinn,checked,skipped
2026-07-28T10:19:34,filippa.bratt,checked,skipped
2026-07-28T10:19:36,filiphcarlen,checked,skipped
2026-07-28T10:19:39,filip_hermansson1,checked,skipped
2026-07-28T10:19:42,filho_da_mae,checked,skipped
2026-07-28T10:19:45,fierofromhell,checked,skipped
2026-07-28T10:19:48,fickdenrichter,checked,skipped
2026-07-28T10:19:50,fiamossan,checked,skipped
2026-07-28T10:19:53,fffttdsdhkl,checked,skipped
2026-07-28T10:19:56,ferrarif80,checked,skipped
2026-07-28T10:19:58,ferdoid,checked,skipped
2026-07-28T10:20:01,fer9dobarber,checked,skipped
2026-07-28T10:20:03,felixwetterberg,checked,skipped
2026-07-28T10:20:06,felixkihl,checked,skipped
2026-07-28T10:20:09,felixellgren,checked,skipped
2026-07-28T10:20:11,felicidades1,checked,skipped
2026-07-28T10:20:14,felicesidal,checked,skipped
2026-07-28T10:20:17,feiquedoi01,checked,skipped
2026-07-28T10:20:19,feiqdoi,checked,skipped
2026-07-28T10:20:22,feeelicia,checked,skipped
2026-07-28T10:20:25,fckurtcobain,checked,skipped
2026-07-28T10:20:27,fc_dos_artistass1,checked,skipped
2026-07-28T10:20:30,fattymatty69,checked,skipped
2026-07-28T10:20:33,fatnesslifestyle,checked,skipped
2026-07-28T10:20:35,fasipakgear,checked,skipped
2026-07-28T10:20:38,fashionggggg,checked,skipped
2026-07-28T10:20:41,farmersam2,checked,skipped
2026-07-28T10:20:43,fario_tommi,checked,skipped
2026-07-28T10:20:46,fares_eid_al,checked,skipped
2026-07-28T10:20:49,fardin.yousefi85,checked,skipped
2026-07-28T10:20:51,farbrorbobby,checked,skipped
2026-07-28T10:20:54,falsbot,checked,skipped
2026-07-28T10:20:57,fakoje,checked,skipped
2026-07-28T10:21:00,faker4lyfe,checked,skipped
2026-07-28T10:21:03,fakemth,checked,skipped
2026-07-28T10:21:06,fakeinsta96,checked,skipped
2026-07-28T10:21:08,fakefsa14,checked,skipped
2026-07-28T10:21:11,fakeboy911,checked,skipped
2026-07-28T10:21:14,fakeboriss,checked,skipped
2026-07-28T10:21:17,fake276,checked,skipped
2026-07-28T10:21:20,fake123321a,checked,skipped
2026-07-28T10:21:22,facebook_name,checked,skipped
2026-07-28T10:21:25,fabout_it,checked,skipped
2026-07-28T10:21:28,ewelinagranberg,checked,skipped
2026-07-28T10:21:31,everybody_loves_kiko,checked,skipped
2026-07-28T10:21:33,everettejohnson33,checked,skipped
2026-07-28T10:21:36,evelinbecsei,checked,skipped
2026-07-28T10:21:39,evelina.nyberg,checked,skipped
2026-07-28T10:21:42,evalever,checked,skipped
2026-07-28T10:21:44,eusoufake_,checked,skipped
2026-07-28T10:21:47,eunaosouvc,checked,skipped
2026-07-28T10:21:50,eulindadms,checked,skipped
2026-07-28T10:21:52,eufelipinho,checked,skipped
2026-07-28T10:21:55,euaeuteamo,checked,skipped
2026-07-28T10:21:57,ettangelica,checked,skipped
2026-07-28T10:22:00,ethelmodigh,checked,skipped
2026-07-28T10:22:03,essen4immer,checked,skipped
2026-07-28T10:22:05,esmebernie,checked,skipped
2026-07-28T10:22:08,eruss02,checked,skipped
2026-07-28T10:22:11,eropos,checked,skipped
2026-07-28T10:22:13,erloch64,checked,skipped
2026-07-28T10:22:16,erlingo_s,checked,skipped
2026-07-28T10:22:19,erlandcaca,checked,skipped
2026-07-28T10:22:21,erikwidlund,checked,skipped
2026-07-28T10:22:24,erikssonme,checked,skipped
2026-07-28T10:22:26,erik_lejon,checked,skipped
2026-07-28T10:22:29,eriinnxxoo,checked,skipped
2026-07-28T10:22:32,ericp0404,checked,skipped
2026-07-28T10:22:35,ericgustafssonf,checked,skipped
2026-07-28T10:22:38,eribro1,checked,skipped
2026-07-28T10:22:41,epikturtle,checked,skipped
2026-07-28T10:22:43,eph888,checked,skipped
2026-07-28T10:23:06,enoksson90,checked,skipped
2026-07-28T10:23:10,enoch.kodia,checked,skipped
2026-07-28T10:23:13,enkotop,checked,skipped
2026-07-28T10:23:15,enklabilaffarer,checked,skipped
2026-07-28T10:23:18,enkelt.sportswear,checked,skipped
2026-07-28T10:23:21,emreerbirer,checked,skipped
2026-07-28T10:23:24,emptyroads,checked,skipped
2026-07-28T10:23:27,emperorvanilla,checked,skipped
2026-07-28T10:23:29,emmasarebro,checked,skipped
2026-07-28T10:23:33,emmagothlin,checked,skipped
2026-07-28T10:23:35,emmabratt77,checked,skipped
2026-07-28T10:23:38,emma20995,checked,skipped
2026-07-28T10:23:41,emma._87,checked,skipped
2026-07-28T10:23:43,eminigram,checked,skipped
2026-07-28T10:23:46,emiltorpsandberg,checked,skipped
2026-07-28T10:23:49,emilstrom5,checked,skipped
2026-07-28T10:23:51,emilsannell,checked,skipped
2026-07-28T10:23:55,emillalander,checked,skipped
2026-07-28T10:23:57,emilclaessonn,checked,skipped
2026-07-28T10:24:00,emilangermayr,checked,skipped
2026-07-28T10:24:02,emil.sannell,checked,skipped
2026-07-28T10:24:05,emiilljung,checked,skipped
